{
	"Load": 270.0,
	"TDR": 2498972186,
	"TDT": 2240416285,
	"BR": 5.381,
	"BRInnerGroup0-0": 5.0299544,
	"BRInnerGroup1-1": 6.5062466,
	"BRInnerGroup2-2": 5.9732237,
	"BRInnerCluster1": 2.7244925,
	"BRInnerCluster2": 5.1338067,
	"BRInnerCluster3": 1.8723143,
	"BRInnerCluster4": 2.7244925,
	"BRInnerCluster5": 5.1338067,
	"BRInnerCluster6": 1.8723143,
	"BRCrossGroup0-1": 7.1820316,
	"BRCrossGroup0-2": 3.5162952,
	"BRCrossGroup1-0": 3.5047069,
	"BRCrossGroup1-2": 1.5625,
	"BRCrossGroup2-0": 3.2936077,
	"BRCrossGroup2-1": 4.0399604,
	"BRCrossCluster1-2": 6.044092,
	"BRCrossCluster1-3": 4.9553576,
	"BRCrossCluster1-4": 7.6044073,
	"BRCrossCluster1-5": 3.4,
	"BRCrossCluster1-6": 3.0434783,
	"BRCrossCluster2-1": 5.7073174,
	"BRCrossCluster2-3": 13.979671,
	"BRCrossCluster2-4": 1.5599785,
	"BRCrossCluster2-5": 5.578512,
	"BRCrossCluster2-6": 2.646503,
	"BRCrossCluster3-1": 1.4770241,
	"BRCrossCluster3-2": 7.820478,
	"BRCrossCluster3-4": 8.766626,
	"BRCrossCluster3-5": 2.764977,
	"BRCrossCluster3-6": 0.305499,
	"BRCrossCluster4-1": 3.7449393,
	"BRCrossCluster4-2": 0.41943377,
	"BRCrossCluster4-3": 12.214645,
	"BRCrossCluster4-5": 2.2038567,
	"BRCrossCluster4-6": 1.0989012,
	"BRCrossCluster5-1": 3.293623,
	"BRCrossCluster5-2": 5.4558015,
	"BRCrossCluster5-3": 6.0385065,
	"BRCrossCluster5-4": 4.42992,
	"BRCrossCluster5-6": 6.569343,
	"BRCrossCluster6-1": 2.1466906,
	"BRCrossCluster6-2": 3.61135,
	"BRCrossCluster6-3": 1.5879164,
	"BRCrossCluster6-4": 3.9267015,
	"BRCrossCluster6-5": 7.8085647,
	"BBR": 10.531728,
	"BBRinnerGroup0-0": 9.18689,
	"BBRinnerGroup1-1": 12.703993,
	"BBRinnerGroup2-2": 12.168253,
	"BBRinnerCluster1": 5.232079,
	"BBRinnerCluster2": 8.031798,
	"BBRinnerCluster3": 4.536489,
	"BBRinnerCluster4": 1.659346,
	"BBRinnerCluster5": 6.627907,
	"BBRinnerCluster6": 0.0,
	"BBRcrossGroup0-1": 13.681744,
	"BBRcrossGroup0-2": 7.164535,
	"BBRcrossGroup1-0": 7.3601284,
	"BBRcrossGroup1-2": 3.6455412,
	"BBRcrossGroup2-0": 7.070057,
	"BBRcrossGroup2-1": 9.034976,
	"BBRcrossCluster1-2": 11.5241165,
	"BBRcrossCluster1-3": 9.957072,
	"BBRcrossCluster1-4": 15.056056,
	"BBRcrossCluster1-5": 7.2849913,
	"BBRcrossCluster1-6": 5.3006682,
	"BBRcrossCluster2-1": 10.682711,
	"BBRcrossCluster2-3": 25.027443,
	"BBRcrossCluster2-4": 3.8422785,
	"BBRcrossCluster2-5": 11.225896,
	"BBRcrossCluster2-6": 5.9932337,
	"BBRcrossCluster3-1": 3.4304838,
	"BBRcrossCluster3-2": 16.263067,
	"BBRcrossCluster3-4": 18.015266,
	"BBRcrossCluster3-5": 6.316202,
	"BBRcrossCluster3-6": 0.8888889,
	"BBRcrossCluster4-1": 7.3693223,
	"BBRcrossCluster4-2": 1.0585744,
	"BBRcrossCluster4-3": 22.360714,
	"BBRcrossCluster4-5": 4.303563,
	"BBRcrossCluster4-6": 2.588384,
	"BBRcrossCluster5-1": 7.836089,
	"BBRcrossCluster5-2": 10.576923,
	"BBRcrossCluster5-3": 13.390737,
	"BBRcrossCluster5-4": 8.983451,
	"BBRcrossCluster5-6": 13.849765,
	"BBRcrossCluster6-1": 4.596163,
	"BBRcrossCluster6-2": 7.2925396,
	"BBRcrossCluster6-3": 3.9116964,
	"BBRcrossCluster5-4": 8.644922,
	"BBRcrossCluster6-5": 16.066837,
	"LP": 94619,
	"TR": 1.0,
	"VH": 1.0,
	"PH": 3.561546835202232,
	"OXCAST": 0.02216209729447508,
	"Spec": 61.7,
	"Frag": 45.44601690387725,
	"PC": 1828343.644830919,
	"TP": 1.729975096887261E11,
	"EE": 0.012950569571961898,
	"EEE": 0.011586650837280487,
	"BPSK": 100.0,
	"QPSK": 0.0,
	"8QAM": 0.0,
	"16QAM": 0.0,
	"32QAM": 0.0,
	"64QAM": 0.0,
	"MetCos":0.0,
	"MetPC":0.0,
	"LPGrooming": 0.0,
	"STP": 0.004365087138946361,
	"TSTP": 413.0201799999657,
	"STmax": 0.0,
	"TSTmax": 0.0,
	"JFI_BR": 0.2531183,
	"JFI_BBR": 0.2953486,
	"Time(ms)": 0.31041
}

