{
	"Load": 300.0,
	"TDR": 2518368159,
	"TDT": 2172568700,
	"BR": 7.35,
	"BRInnerGroup0-0": 7.2667656,
	"BRInnerGroup1-1": 8.114162,
	"BRInnerGroup2-2": 6.747231,
	"BRInnerCluster1": 3.9269912,
	"BRInnerCluster2": 6.695939,
	"BRInnerCluster3": 2.742176,
	"BRInnerCluster4": 3.9269912,
	"BRInnerCluster5": 6.695939,
	"BRInnerCluster6": 2.742176,
	"BRCrossGroup0-1": 9.613195,
	"BRCrossGroup0-2": 5.4359646,
	"BRCrossGroup1-0": 4.8598666,
	"BRCrossGroup1-2": 2.9297955,
	"BRCrossGroup2-0": 5.145175,
	"BRCrossGroup2-1": 5.7098765,
	"BRCrossCluster1-2": 9.487243,
	"BRCrossCluster1-3": 6.0609417,
	"BRCrossCluster1-4": 11.831024,
	"BRCrossCluster1-5": 5.8091288,
	"BRCrossCluster1-6": 4.749104,
	"BRCrossCluster2-1": 8.912612,
	"BRCrossCluster2-3": 17.674984,
	"BRCrossCluster2-4": 2.5644543,
	"BRCrossCluster2-5": 7.412492,
	"BRCrossCluster2-6": 3.753351,
	"BRCrossCluster3-1": 1.9961185,
	"BRCrossCluster3-2": 9.750328,
	"BRCrossCluster3-4": 11.34923,
	"BRCrossCluster3-5": 5.1437216,
	"BRCrossCluster3-6": 0.4789272,
	"BRCrossCluster4-1": 6.2353334,
	"BRCrossCluster4-2": 0.9520572,
	"BRCrossCluster4-3": 14.992504,
	"BRCrossCluster4-5": 3.445065,
	"BRCrossCluster4-6": 2.1437578,
	"BRCrossCluster5-1": 4.3715844,
	"BRCrossCluster5-2": 8.008076,
	"BRCrossCluster5-3": 7.8764014,
	"BRCrossCluster5-4": 5.9281216,
	"BRCrossCluster5-6": 9.28382,
	"BRCrossCluster6-1": 3.7383177,
	"BRCrossCluster6-2": 5.0,
	"BRCrossCluster6-3": 2.5999224,
	"BRCrossCluster6-4": 5.861898,
	"BRCrossCluster6-5": 8.02005,
	"BBR": 13.818148,
	"BBRinnerGroup0-0": 12.954728,
	"BBRinnerGroup1-1": 15.412516,
	"BBRinnerGroup2-2": 13.63873,
	"BBRinnerCluster1": 7.4771533,
	"BBRinnerCluster2": 10.64623,
	"BBRinnerCluster3": 6.3632345,
	"BBRinnerCluster4": 1.181393,
	"BBRinnerCluster5": 6.5616803,
	"BBRinnerCluster6": 0.0,
	"BBRcrossGroup0-1": 17.526733,
	"BBRcrossGroup0-2": 10.668807,
	"BBRcrossGroup1-0": 9.550076,
	"BBRcrossGroup1-2": 6.469627,
	"BBRcrossGroup2-0": 10.603814,
	"BBRcrossGroup2-1": 12.084494,
	"BBRcrossCluster1-2": 16.999878,
	"BBRcrossCluster1-3": 11.712317,
	"BBRcrossCluster1-4": 22.188002,
	"BBRcrossCluster1-5": 11.328527,
	"BBRcrossCluster1-6": 8.43061,
	"BBRcrossCluster2-1": 16.138653,
	"BBRcrossCluster2-3": 30.075315,
	"BBRcrossCluster2-4": 6.1125355,
	"BBRcrossCluster2-5": 15.115489,
	"BBRcrossCluster2-6": 7.2767854,
	"BBRcrossCluster3-1": 4.4889503,
	"BBRcrossCluster3-2": 18.062897,
	"BBRcrossCluster3-4": 21.390291,
	"BBRcrossCluster3-5": 11.438409,
	"BBRcrossCluster3-6": 1.2506013,
	"BBRcrossCluster4-1": 12.504294,
	"BBRcrossCluster4-2": 2.4657998,
	"BBRcrossCluster4-3": 27.559053,
	"BBRcrossCluster4-5": 7.2635903,
	"BBRcrossCluster4-6": 4.4930177,
	"BBRcrossCluster5-1": 9.059112,
	"BBRcrossCluster5-2": 16.336472,
	"BBRcrossCluster5-3": 16.295517,
	"BBRcrossCluster5-4": 11.391715,
	"BBRcrossCluster5-6": 17.726658,
	"BBRcrossCluster6-1": 6.599909,
	"BBRcrossCluster6-2": 10.83976,
	"BBRcrossCluster6-3": 6.077982,
	"BBRcrossCluster5-4": 12.259676,
	"BBRcrossCluster6-5": 16.838047,
	"LP": 92650,
	"TR": 1.0,
	"VH": 1.0,
	"PH": 3.5267242309767943,
	"OXCAST": 0.02018207554235129,
	"Spec": 58.90833333333333,
	"Frag": 47.73019011369843,
	"PC": 1814381.9625517672,
	"TP": 1.681042305338118E11,
	"EE": 0.012923938279846076,
	"EEE": 0.011138089404939922,
	"BPSK": 100.0,
	"QPSK": 0.0,
	"8QAM": 0.0,
	"16QAM": 0.0,
	"32QAM": 0.0,
	"64QAM": 0.0,
	"MetCos":0.0,
	"MetPC":0.0,
	"LPGrooming": 0.0,
	"STP": 0.004322603561791403,
	"TSTP": 400.4892199999735,
	"STmax": 0.0,
	"TSTmax": 0.0,
	"JFI_BR": 0.30671176,
	"JFI_BBR": 0.35742027,
	"Time(ms)": 0.20372
}

