{
	"Load": 180.0,
	"TDR": 2498972186,
	"TDT": 2447397513,
	"BR": 0.988,
	"BRInnerGroup0-0": 1.1507207,
	"BRInnerGroup1-1": 1.2828038,
	"BRInnerGroup2-2": 0.6179197,
	"BRInnerCluster1": 0.16680567,
	"BRInnerCluster2": 3.003823,
	"BRInnerCluster3": 0.21485575,
	"BRInnerCluster4": 0.16680567,
	"BRInnerCluster5": 3.003823,
	"BRInnerCluster6": 0.21485575,
	"BRCrossGroup0-1": 1.4015844,
	"BRCrossGroup0-2": 0.27873072,
	"BRCrossGroup1-0": 0.40550324,
	"BRCrossGroup1-2": 0.2232143,
	"BRCrossGroup2-0": 0.36836404,
	"BRCrossGroup2-1": 0.6367329,
	"BRCrossCluster1-2": 0.94129306,
	"BRCrossCluster1-3": 1.0602678,
	"BRCrossCluster1-4": 1.0202694,
	"BRCrossCluster1-5": 0.26666665,
	"BRCrossCluster1-6": 0.4347826,
	"BRCrossCluster2-1": 0.65853655,
	"BRCrossCluster2-3": 3.1588151,
	"BRCrossCluster2-4": 0.10758472,
	"BRCrossCluster2-5": 0.75757575,
	"BRCrossCluster2-6": 0.18903592,
	"BRCrossCluster3-1": 0.24617067,
	"BRCrossCluster3-2": 0.7793604,
	"BRCrossCluster3-4": 1.3905684,
	"BRCrossCluster3-5": 0.53763443,
	"BRCrossCluster3-6": 0.0,
	"BRCrossCluster4-1": 0.4385965,
	"BRCrossCluster4-2": 0.10485844,
	"BRCrossCluster4-3": 2.9054255,
	"BRCrossCluster4-5": 0.18365473,
	"BRCrossCluster4-6": 0.12210013,
	"BRCrossCluster5-1": 0.070077084,
	"BRCrossCluster5-2": 0.6906077,
	"BRCrossCluster5-3": 0.9043174,
	"BRCrossCluster5-4": 0.6899056,
	"BRCrossCluster5-6": 0.729927,
	"BRCrossCluster6-1": 0.35778174,
	"BRCrossCluster6-2": 0.5159071,
	"BRCrossCluster6-3": 0.116188996,
	"BRCrossCluster6-4": 1.0994765,
	"BRCrossCluster6-5": 0.7556675,
	"BBR": 2.0650153,
	"BBRinnerGroup0-0": 1.8260766,
	"BBRinnerGroup1-1": 2.7784753,
	"BBRinnerGroup2-2": 1.4021032,
	"BBRinnerCluster1": 0.32957977,
	"BBRinnerCluster2": 3.2483552,
	"BBRinnerCluster3": 0.5461993,
	"BBRinnerCluster4": 0.29282576,
	"BBRinnerCluster5": 0.0,
	"BBRinnerCluster6": 0.0,
	"BBRcrossGroup0-1": 3.0460472,
	"BBRcrossGroup0-2": 0.6286582,
	"BBRcrossGroup1-0": 0.9665184,
	"BBRcrossGroup1-2": 0.6449804,
	"BBRcrossGroup2-0": 0.8582771,
	"BBRcrossGroup2-1": 1.4910482,
	"BBRcrossCluster1-2": 2.0512183,
	"BBRcrossCluster1-3": 2.4028544,
	"BBRcrossCluster1-4": 2.1528304,
	"BBRcrossCluster1-5": 0.6070826,
	"BBRcrossCluster1-6": 0.9799555,
	"BBRcrossCluster2-1": 1.5225933,
	"BBRcrossCluster2-3": 6.827662,
	"BBRcrossCluster2-4": 0.29555988,
	"BBRcrossCluster2-5": 1.9283748,
	"BBRcrossCluster2-6": 0.28999516,
	"BBRcrossCluster3-1": 0.6972528,
	"BBRcrossCluster3-2": 1.9452164,
	"BBRcrossCluster3-4": 2.961832,
	"BBRcrossCluster3-5": 1.5692427,
	"BBRcrossCluster3-6": 0.0,
	"BBRcrossCluster4-1": 0.8054841,
	"BBRcrossCluster4-2": 0.24700072,
	"BBRcrossCluster4-3": 6.3372874,
	"BBRcrossCluster4-5": 0.32392412,
	"BBRcrossCluster4-6": 0.37878788,
	"BBRcrossCluster5-1": 0.2156722,
	"BBRcrossCluster5-2": 1.5796704,
	"BBRcrossCluster5-3": 2.2416866,
	"BBRcrossCluster5-4": 1.4002545,
	"BBRcrossCluster5-6": 1.8779343,
	"BBRcrossCluster6-1": 0.8032128,
	"BBRcrossCluster6-2": 1.2573345,
	"BBRcrossCluster6-3": 0.27110767,
	"BBRcrossCluster5-4": 2.3335986,
	"BBRcrossCluster6-5": 1.5424165,
	"LP": 99012,
	"TR": 1.0,
	"VH": 1.0,
	"PH": 3.6007150648406254,
	"OXCAST": 0.07170458281713005,
	"Spec": 72.20833333333333,
	"Frag": 34.94697436828267,
	"PC": 1844061.3082616203,
	"TP": 1.8258541870407788E11,
	"EE": 0.013404123562389045,
	"EEE": 0.01312732635784887,
	"BPSK": 100.0,
	"QPSK": 0.0,
	"8QAM": 0.0,
	"16QAM": 0.0,
	"32QAM": 0.0,
	"64QAM": 0.0,
	"MetCos":0.0,
	"MetPC":0.0,
	"LPGrooming": 0.0,
	"STP": 0.004412872379105102,
	"TSTP": 436.9273199999544,
	"STmax": 0.0,
	"TSTmax": 0.0,
	"JFI_BR": 0.114206545,
	"JFI_BBR": 0.117352955,
	"Time(ms)": 0.13837
}

