{
	"Load": 180.0,
	"TDR": 2517270854,
	"TDT": 2467213864,
	"BR": 0.93599993,
	"BRInnerGroup0-0": 1.3696172,
	"BRInnerGroup1-1": 0.9485771,
	"BRInnerGroup2-2": 0.28929606,
	"BRInnerCluster1": 0.13612852,
	"BRInnerCluster2": 3.5236273,
	"BRInnerCluster3": 0.08789921,
	"BRInnerCluster4": 0.13612852,
	"BRInnerCluster5": 3.5236273,
	"BRInnerCluster6": 0.08789921,
	"BRCrossGroup0-1": 1.3347586,
	"BRCrossGroup0-2": 0.39155972,
	"BRCrossGroup1-0": 0.35504672,
	"BRCrossGroup1-2": 0.22340128,
	"BRCrossGroup2-0": 0.191775,
	"BRCrossGroup2-1": 0.49217004,
	"BRCrossCluster1-2": 0.73678863,
	"BRCrossCluster1-3": 0.7153696,
	"BRCrossCluster1-4": 0.9575354,
	"BRCrossCluster1-5": 0.13745704,
	"BRCrossCluster1-6": 0.36730945,
	"BRCrossCluster2-1": 1.2823675,
	"BRCrossCluster2-3": 3.311542,
	"BRCrossCluster2-4": 0.06788866,
	"BRCrossCluster2-5": 0.9575923,
	"BRCrossCluster2-6": 0.71684587,
	"BRCrossCluster3-1": 0.16424856,
	"BRCrossCluster3-2": 0.5457026,
	"BRCrossCluster3-4": 0.72137064,
	"BRCrossCluster3-5": 0.32258064,
	"BRCrossCluster3-6": 0.0,
	"BRCrossCluster4-1": 0.57239056,
	"BRCrossCluster4-2": 0.06779661,
	"BRCrossCluster4-3": 2.602453,
	"BRCrossCluster4-5": 0.3686636,
	"BRCrossCluster4-6": 0.48899758,
	"BRCrossCluster5-1": 0.13368984,
	"BRCrossCluster5-2": 0.4950495,
	"BRCrossCluster5-3": 0.9939759,
	"BRCrossCluster5-4": 0.49130762,
	"BRCrossCluster5-6": 0.25252524,
	"BRCrossCluster6-1": 0.09033424,
	"BRCrossCluster6-2": 0.25751075,
	"BRCrossCluster6-3": 0.040064104,
	"BRCrossCluster6-4": 0.5094244,
	"BRCrossCluster6-5": 0.5141388,
	"BBR": 1.9853877,
	"BBRinnerGroup0-0": 2.3732052,
	"BBRinnerGroup1-1": 2.1770072,
	"BBRinnerGroup2-2": 0.6721075,
	"BBRinnerCluster1": 0.3768506,
	"BBRinnerCluster2": 4.4715447,
	"BBRinnerCluster3": 0.23327014,
	"BBRinnerCluster4": 0.0,
	"BBRinnerCluster5": 0.0,
	"BBRinnerCluster6": 0.0,
	"BBRcrossGroup0-1": 2.877625,
	"BBRcrossGroup0-2": 0.93948,
	"BBRcrossGroup1-0": 0.91712826,
	"BBRcrossGroup1-2": 0.46993777,
	"BBRcrossGroup2-0": 0.46664545,
	"BBRcrossGroup2-1": 1.2791742,
	"BBRcrossCluster1-2": 1.5026972,
	"BBRcrossCluster1-3": 1.7255412,
	"BBRcrossCluster1-4": 2.263064,
	"BBRcrossCluster1-5": 0.28459623,
	"BBRcrossCluster1-6": 1.0781671,
	"BBRcrossCluster2-1": 3.12116,
	"BBRcrossCluster2-3": 6.8245277,
	"BBRcrossCluster2-4": 0.16515277,
	"BBRcrossCluster2-5": 2.4305556,
	"BBRcrossCluster2-6": 1.4121801,
	"BBRcrossCluster3-1": 0.42069834,
	"BBRcrossCluster3-2": 1.4779699,
	"BBRcrossCluster3-4": 1.4665444,
	"BBRcrossCluster3-5": 0.7374027,
	"BBRcrossCluster3-6": 0.0,
	"BBRcrossCluster4-1": 1.4173754,
	"BBRcrossCluster4-2": 0.20394291,
	"BBRcrossCluster4-3": 6.052515,
	"BBRcrossCluster4-5": 0.80037665,
	"BBRcrossCluster4-6": 0.95351607,
	"BBRcrossCluster5-1": 0.26533997,
	"BBRcrossCluster5-2": 1.0962659,
	"BBRcrossCluster5-3": 2.6888218,
	"BBRcrossCluster5-4": 0.9042954,
	"BBRcrossCluster5-6": 0.5235602,
	"BBRcrossCluster6-1": 0.17825311,
	"BBRcrossCluster6-2": 0.7849978,
	"BBRcrossCluster6-3": 0.119498104,
	"BBRcrossCluster5-4": 1.1290736,
	"BBRcrossCluster6-5": 1.3140604,
	"LP": 99064,
	"TR": 1.0,
	"VH": 1.0,
	"PH": 3.5794738754744406,
	"OXCAST": 0.09782996867400676,
	"Spec": 72.375,
	"Frag": 34.72631355293972,
	"PC": 1835547.5627580541,
	"TP": 1.8183832440925168E11,
	"EE": 0.013568173112105907,
	"EEE": 0.013298792274341609,
	"BPSK": 100.0,
	"QPSK": 0.0,
	"8QAM": 0.0,
	"16QAM": 0.0,
	"32QAM": 0.0,
	"64QAM": 0.0,
	"MetCos":0.0,
	"MetPC":0.0,
	"LPGrooming": 0.0,
	"STP": 0.004386958128078362,
	"TSTP": 434.58961999995483,
	"STmax": 0.0,
	"TSTmax": 0.0,
	"JFI_BR": 0.09468427,
	"JFI_BBR": 0.09555826,
	"Time(ms)": 0.13812
}

