{
	"Load": 270.0,
	"TDR": 2504070571,
	"TDT": 2252597894,
	"BR": 5.094,
	"BRInnerGroup0-0": 4.90045,
	"BRInnerGroup1-1": 6.0161104,
	"BRInnerGroup2-2": 4.3222003,
	"BRInnerCluster1": 2.4030585,
	"BRInnerCluster2": 4.818304,
	"BRInnerCluster3": 1.9178903,
	"BRInnerCluster4": 2.4030585,
	"BRInnerCluster5": 4.818304,
	"BRInnerCluster6": 1.9178903,
	"BRCrossGroup0-1": 6.959188,
	"BRCrossGroup0-2": 3.4586468,
	"BRCrossGroup1-0": 2.9454653,
	"BRCrossGroup1-2": 1.5693833,
	"BRCrossGroup2-0": 3.2513182,
	"BRCrossGroup2-1": 3.642384,
	"BRCrossCluster1-2": 6.276676,
	"BRCrossCluster1-3": 4.6834064,
	"BRCrossCluster1-4": 7.4229317,
	"BRCrossCluster1-5": 4.161248,
	"BRCrossCluster1-6": 2.6022305,
	"BRCrossCluster2-1": 5.8691306,
	"BRCrossCluster2-3": 13.709323,
	"BRCrossCluster2-4": 1.473172,
	"BRCrossCluster2-5": 4.755435,
	"BRCrossCluster2-6": 2.4085636,
	"BRCrossCluster3-1": 1.623816,
	"BRCrossCluster3-2": 5.6892776,
	"BRCrossCluster3-4": 8.789848,
	"BRCrossCluster3-5": 2.03933,
	"BRCrossCluster3-6": 0.30150753,
	"BRCrossCluster4-1": 3.5814605,
	"BRCrossCluster4-2": 0.6500171,
	"BRCrossCluster4-3": 10.729356,
	"BRCrossCluster4-5": 2.0057306,
	"BRCrossCluster4-6": 2.4660914,
	"BRCrossCluster5-1": 3.4013608,
	"BRCrossCluster5-2": 5.13834,
	"BRCrossCluster5-3": 6.125528,
	"BRCrossCluster5-4": 3.8848922,
	"BRCrossCluster5-6": 4.663213,
	"BRCrossCluster6-1": 2.6112187,
	"BRCrossCluster6-2": 2.770083,
	"BRCrossCluster6-3": 1.1267605,
	"BRCrossCluster6-4": 3.145282,
	"BRCrossCluster6-5": 5.895692,
	"BBR": 9.985137,
	"BBRinnerGroup0-0": 8.914956,
	"BBRinnerGroup1-1": 11.791782,
	"BBRinnerGroup2-2": 9.58768,
	"BBRinnerCluster1": 4.552189,
	"BBRinnerCluster2": 7.6347103,
	"BBRinnerCluster3": 4.3860955,
	"BBRinnerCluster4": 1.7969887,
	"BBRinnerCluster5": 4.987531,
	"BBRinnerCluster6": 0.0,
	"BBRcrossGroup0-1": 13.270291,
	"BBRcrossGroup0-2": 7.1820827,
	"BBRcrossGroup1-0": 6.340289,
	"BBRcrossGroup1-2": 3.4917963,
	"BBRcrossGroup2-0": 6.940589,
	"BBRcrossGroup2-1": 7.9979854,
	"BBRcrossCluster1-2": 11.802253,
	"BBRcrossCluster1-3": 9.428987,
	"BBRcrossCluster1-4": 14.946091,
	"BBRcrossCluster1-5": 8.66518,
	"BBRcrossCluster1-6": 4.347826,
	"BBRcrossCluster2-1": 11.262377,
	"BBRcrossCluster2-3": 24.543068,
	"BBRcrossCluster2-4": 3.5164833,
	"BBRcrossCluster2-5": 9.2511015,
	"BBRcrossCluster2-6": 5.765063,
	"BBRcrossCluster3-1": 3.7486515,
	"BBRcrossCluster3-2": 12.107133,
	"BBRcrossCluster3-4": 17.353348,
	"BBRcrossCluster3-5": 4.550583,
	"BBRcrossCluster3-6": 0.7885658,
	"BBRcrossCluster4-1": 7.4074073,
	"BBRcrossCluster4-2": 1.6020672,
	"BBRcrossCluster4-3": 20.113012,
	"BBRcrossCluster4-5": 4.317618,
	"BBRcrossCluster4-6": 5.2369075,
	"BBRcrossCluster5-1": 7.3896685,
	"BBRcrossCluster5-2": 11.011311,
	"BBRcrossCluster5-3": 12.933024,
	"BBRcrossCluster5-4": 8.253568,
	"BBRcrossCluster5-6": 9.706258,
	"BBRcrossCluster6-1": 4.865938,
	"BBRcrossCluster6-2": 5.361305,
	"BBRcrossCluster6-3": 2.705411,
	"BBRcrossCluster5-4": 7.022901,
	"BBRcrossCluster6-5": 13.58885,
	"LP": 94906,
	"TR": 1.0,
	"VH": 1.0,
	"PH": 3.5441910943459844,
	"OXCAST": 0.022908677634470662,
	"Spec": 61.99166666666667,
	"Frag": 45.08329863693346,
	"PC": 1821390.8459753494,
	"TP": 1.7286092086998926E11,
	"EE": 0.013031273249401497,
	"EEE": 0.011730082764457608,
	"BPSK": 100.0,
	"QPSK": 0.0,
	"8QAM": 0.0,
	"16QAM": 0.0,
	"32QAM": 0.0,
	"64QAM": 0.0,
	"MetCos":0.0,
	"MetPC":0.0,
	"LPGrooming": 0.0,
	"STP": 0.004343913135101794,
	"TSTP": 412.26341999997084,
	"STmax": 0.0,
	"TSTmax": 0.0,
	"JFI_BR": 0.24631508,
	"JFI_BBR": 0.2872,
	"Time(ms)": 0.18962
}

