{
	"Load": 300.0,
	"TDR": 2504070571,
	"TDT": 2162102925,
	"BR": 7.153,
	"BRInnerGroup0-0": 6.9329224,
	"BRInnerGroup1-1": 8.071824,
	"BRInnerGroup2-2": 7.0726914,
	"BRInnerCluster1": 4.2872744,
	"BRInnerCluster2": 5.733513,
	"BRInnerCluster3": 2.547198,
	"BRInnerCluster4": 4.2872744,
	"BRInnerCluster5": 5.733513,
	"BRInnerCluster6": 2.547198,
	"BRCrossGroup0-1": 9.490065,
	"BRCrossGroup0-2": 4.9409237,
	"BRCrossGroup1-0": 4.7462816,
	"BRCrossGroup1-2": 2.3678415,
	"BRCrossGroup2-0": 4.7891035,
	"BRCrossGroup2-1": 5.3311257,
	"BRCrossCluster1-2": 9.138841,
	"BRCrossCluster1-3": 6.473799,
	"BRCrossCluster1-4": 10.870741,
	"BRCrossCluster1-5": 5.331599,
	"BRCrossCluster1-6": 3.9962823,
	"BRCrossCluster2-1": 8.241758,
	"BRCrossCluster2-3": 17.480211,
	"BRCrossCluster2-4": 2.621976,
	"BRCrossCluster2-5": 7.6086955,
	"BRCrossCluster2-6": 4.014273,
	"BRCrossCluster3-1": 2.4627876,
	"BRCrossCluster3-2": 9.135667,
	"BRCrossCluster3-4": 11.761065,
	"BRCrossCluster3-5": 3.7144938,
	"BRCrossCluster3-6": 0.5025126,
	"BRCrossCluster4-1": 6.2148876,
	"BRCrossCluster4-2": 0.99213135,
	"BRCrossCluster4-3": 14.526823,
	"BRCrossCluster4-5": 3.1518624,
	"BRCrossCluster4-6": 2.0961776,
	"BRCrossCluster5-1": 4.62585,
	"BRCrossCluster5-2": 6.916996,
	"BRCrossCluster5-3": 8.388654,
	"BRCrossCluster5-4": 5.755396,
	"BRCrossCluster5-6": 9.585492,
	"BRCrossCluster6-1": 4.1586075,
	"BRCrossCluster6-2": 4.1551247,
	"BRCrossCluster6-3": 1.971831,
	"BRCrossCluster6-4": 4.7928104,
	"BRCrossCluster6-5": 7.936508,
	"BBR": 13.647334,
	"BBRinnerGroup0-0": 12.58651,
	"BBRinnerGroup1-1": 15.319274,
	"BBRinnerGroup2-2": 14.257327,
	"BBRinnerCluster1": 7.59596,
	"BBRinnerCluster2": 9.279315,
	"BBRinnerCluster3": 6.012233,
	"BBRinnerCluster4": 2.0641088,
	"BBRinnerCluster5": 5.361596,
	"BBRinnerCluster6": 0.0,
	"BBRcrossGroup0-1": 17.54567,
	"BBRcrossGroup0-2": 9.604824,
	"BBRcrossGroup1-0": 10.134249,
	"BBRcrossGroup1-2": 5.5812645,
	"BBRcrossGroup2-0": 9.561356,
	"BBRcrossGroup2-1": 10.908379,
	"BBRcrossCluster1-2": 17.284105,
	"BBRcrossCluster1-3": 12.776492,
	"BBRcrossCluster1-4": 21.25337,
	"BBRcrossCluster1-5": 10.54476,
	"BBRcrossCluster1-6": 6.805293,
	"BBRcrossCluster2-1": 15.309405,
	"BBRcrossCluster2-3": 29.59396,
	"BBRcrossCluster2-4": 6.073926,
	"BBRcrossCluster2-5": 14.435784,
	"BBRcrossCluster2-6": 8.409189,
	"BBRcrossCluster3-1": 5.798274,
	"BBRcrossCluster3-2": 19.04892,
	"BBRcrossCluster3-4": 22.867208,
	"BBRcrossCluster3-5": 8.499436,
	"BBRcrossCluster3-6": 1.2814194,
	"BBRcrossCluster4-1": 12.74355,
	"BBRcrossCluster4-2": 2.7217917,
	"BBRcrossCluster4-3": 25.656689,
	"BBRcrossCluster4-5": 6.4516125,
	"BBRcrossCluster4-6": 5.361596,
	"BBRcrossCluster5-1": 9.887102,
	"BBRcrossCluster5-2": 13.972055,
	"BBRcrossCluster5-3": 16.597382,
	"BBRcrossCluster5-4": 11.666968,
	"BBRcrossCluster5-6": 21.328224,
	"BBRcrossCluster6-1": 7.34856,
	"BBRcrossCluster6-2": 8.111888,
	"BBRcrossCluster6-3": 4.6893787,
	"BBRcrossCluster5-4": 9.898218,
	"BBRcrossCluster6-5": 13.937283,
	"LP": 92847,
	"TR": 1.0,
	"VH": 1.0,
	"PH": 3.5237110515148578,
	"OXCAST": 0.02122785930557562,
	"Spec": 59.4,
	"Frag": 47.15341433324997,
	"PC": 1813174.7232044493,
	"TP": 1.683479367177204E11,
	"EE": 0.012843061620798681,
	"EEE": 0.011090326092891482,
	"BPSK": 100.0,
	"QPSK": 0.0,
	"8QAM": 0.0,
	"16QAM": 0.0,
	"32QAM": 0.0,
	"64QAM": 0.0,
	"MetCos":0.0,
	"MetPC":0.0,
	"LPGrooming": 0.0,
	"STP": 0.004318927482847881,
	"TSTP": 400.9994599999772,
	"STmax": 0.0,
	"TSTmax": 0.0,
	"JFI_BR": 0.2993382,
	"JFI_BBR": 0.35130885,
	"Time(ms)": 0.12938
}

