{
	"Load": 240.0,
	"TDR": 2504070571,
	"TDT": 2331725411,
	"BR": 3.336,
	"BRInnerGroup0-0": 3.4072056,
	"BRInnerGroup1-1": 3.9268334,
	"BRInnerGroup2-2": 2.5540276,
	"BRInnerCluster1": 1.2015293,
	"BRInnerCluster2": 4.4683714,
	"BRInnerCluster3": 0.95894516,
	"BRInnerCluster4": 1.2015293,
	"BRInnerCluster5": 4.4683714,
	"BRInnerCluster6": 0.95894516,
	"BRCrossGroup0-1": 4.5497932,
	"BRCrossGroup0-2": 2.1482277,
	"BRCrossGroup1-0": 1.8883057,
	"BRCrossGroup1-2": 0.9085903,
	"BRCrossGroup2-0": 1.8453426,
	"BRCrossGroup2-1": 2.406181,
	"BRCrossCluster1-2": 4.26814,
	"BRCrossCluster1-3": 2.9694324,
	"BRCrossCluster1-4": 4.394267,
	"BRCrossCluster1-5": 2.9258778,
	"BRCrossCluster1-6": 1.5799257,
	"BRCrossCluster2-1": 3.3716283,
	"BRCrossCluster2-3": 9.531663,
	"BRCrossCluster2-4": 0.7703744,
	"BRCrossCluster2-5": 3.125,
	"BRCrossCluster2-6": 1.8733274,
	"BRCrossCluster3-1": 1.2719892,
	"BRCrossCluster3-2": 3.8566737,
	"BRCrossCluster3-4": 5.137728,
	"BRCrossCluster3-5": 1.2381645,
	"BRCrossCluster3-6": 0.10050251,
	"BRCrossCluster4-1": 2.141854,
	"BRCrossCluster4-2": 0.13684571,
	"BRCrossCluster4-3": 7.836046,
	"BRCrossCluster4-5": 1.1461319,
	"BRCrossCluster4-6": 1.1097411,
	"BRCrossCluster5-1": 1.904762,
	"BRCrossCluster5-2": 3.2279317,
	"BRCrossCluster5-3": 4.103802,
	"BRCrossCluster5-4": 2.6978416,
	"BRCrossCluster5-6": 3.626943,
	"BRCrossCluster6-1": 0.58027077,
	"BRCrossCluster6-2": 2.4930747,
	"BRCrossCluster6-3": 0.56338024,
	"BRCrossCluster6-4": 2.24663,
	"BRCrossCluster6-5": 2.7210884,
	"BBR": 6.7518497,
	"BBRinnerGroup0-0": 6.331378,
	"BBRinnerGroup1-1": 7.9755626,
	"BBRinnerGroup2-2": 6.557377,
	"BBRinnerCluster1": 2.2087543,
	"BBRinnerCluster2": 6.8725767,
	"BBRinnerCluster3": 2.3869908,
	"BBRinnerCluster4": 1.3113161,
	"BBRinnerCluster5": 2.4937656,
	"BBRinnerCluster6": 0.0,
	"BBRcrossGroup0-1": 9.057956,
	"BBRcrossGroup0-2": 4.780876,
	"BBRcrossGroup1-0": 4.184299,
	"BBRcrossGroup1-2": 2.1595848,
	"BBRcrossGroup2-0": 3.8312051,
	"BBRcrossGroup2-1": 5.1995296,
	"BBRcrossCluster1-2": 8.548185,
	"BBRcrossCluster1-3": 6.113772,
	"BBRcrossCluster1-4": 9.548517,
	"BBRcrossCluster1-5": 6.148455,
	"BBRcrossCluster1-6": 3.2608695,
	"BBRcrossCluster2-1": 7.10396,
	"BBRcrossCluster2-3": 17.954472,
	"BBRcrossCluster2-4": 1.9314018,
	"BBRcrossCluster2-5": 6.946798,
	"BBRcrossCluster2-6": 3.8578238,
	"BBRcrossCluster3-1": 2.9530745,
	"BBRcrossCluster3-2": 8.444931,
	"BBRcrossCluster3-4": 10.4916525,
	"BBRcrossCluster3-5": 3.0838661,
	"BBRcrossCluster3-6": 0.29571217,
	"BBRcrossCluster4-1": 4.5286994,
	"BBRcrossCluster4-2": 0.4134367,
	"BBRcrossCluster4-3": 15.378742,
	"BBRcrossCluster4-5": 2.9776676,
	"BBRcrossCluster4-6": 2.119701,
	"BBRcrossCluster5-1": 4.173794,
	"BBRcrossCluster5-2": 6.287425,
	"BBRcrossCluster5-3": 9.022325,
	"BBRcrossCluster5-4": 5.2916746,
	"BBRcrossCluster5-6": 10.2171135,
	"BBRcrossCluster6-1": 1.142006,
	"BBRcrossCluster6-2": 4.801865,
	"BBRcrossCluster6-3": 1.3226453,
	"BBRcrossCluster5-4": 4.6310434,
	"BBRcrossCluster6-5": 6.0394893,
	"LP": 96664,
	"TR": 1.0,
	"VH": 1.0,
	"PH": 3.563819001903501,
	"OXCAST": 0.028904116812680895,
	"Spec": 64.99166666666666,
	"Frag": 42.45519490983482,
	"PC": 1829264.594852231,
	"TP": 1.7682391245805356E11,
	"EE": 0.01318670862207698,
	"EEE": 0.012296361881954493,
	"BPSK": 100.0,
	"QPSK": 0.0,
	"8QAM": 0.0,
	"16QAM": 0.0,
	"32QAM": 0.0,
	"64QAM": 0.0,
	"MetCos":0.0,
	"MetPC":0.0,
	"LPGrooming": 0.0,
	"STP": 0.00436785918232193,
	"TSTP": 422.21473999996704,
	"STmax": 0.0,
	"TSTmax": 0.0,
	"JFI_BR": 0.21295369,
	"JFI_BBR": 0.24915384,
	"Time(ms)": 0.1863
}

