{
	"Load": 270.0,
	"TDR": 2517270854,
	"TDT": 2264165060,
	"BR": 5.027,
	"BRInnerGroup0-0": 5.0598087,
	"BRInnerGroup1-1": 5.7497087,
	"BRInnerGroup2-2": 5.014465,
	"BRInnerCluster1": 2.2597332,
	"BRInnerCluster2": 5.107894,
	"BRInnerCluster3": 1.8751832,
	"BRInnerCluster4": 2.2597332,
	"BRInnerCluster5": 5.107894,
	"BRInnerCluster6": 1.8751832,
	"BRCrossGroup0-1": 6.818248,
	"BRCrossGroup0-2": 3.632804,
	"BRCrossGroup1-0": 3.1664371,
	"BRCrossGroup1-2": 1.4241832,
	"BRCrossGroup2-0": 2.6209247,
	"BRCrossGroup2-1": 3.3557045,
	"BRCrossCluster1-2": 6.2245936,
	"BRCrossCluster1-3": 4.801647,
	"BRCrossCluster1-4": 6.95254,
	"BRCrossCluster1-5": 2.6804123,
	"BRCrossCluster1-6": 3.48944,
	"BRCrossCluster2-1": 6.535142,
	"BRCrossCluster2-3": 13.471225,
	"BRCrossCluster2-4": 1.4256619,
	"BRCrossCluster2-5": 6.019152,
	"BRCrossCluster2-6": 2.5985663,
	"BRCrossCluster3-1": 1.6972352,
	"BRCrossCluster3-2": 5.811733,
	"BRCrossCluster3-4": 7.3339343,
	"BRCrossCluster3-5": 2.8225806,
	"BRCrossCluster3-6": 0.2997003,
	"BRCrossCluster4-1": 4.410774,
	"BRCrossCluster4-2": 0.5762712,
	"BRCrossCluster4-3": 11.307209,
	"BRCrossCluster4-5": 1.751152,
	"BRCrossCluster4-6": 0.97799516,
	"BRCrossCluster5-1": 2.9411764,
	"BRCrossCluster5-2": 4.8090525,
	"BRCrossCluster5-3": 5.7228913,
	"BRCrossCluster5-4": 2.947846,
	"BRCrossCluster5-6": 7.323232,
	"BRCrossCluster6-1": 1.7163506,
	"BRCrossCluster6-2": 2.2317595,
	"BRCrossCluster6-3": 1.2019231,
	"BRCrossCluster6-4": 2.8527763,
	"BRCrossCluster6-5": 5.912596,
	"BBR": 9.887351,
	"BBRinnerGroup0-0": 9.280874,
	"BBRinnerGroup1-1": 11.63443,
	"BBRinnerGroup2-2": 10.321651,
	"BBRinnerCluster1": 4.6298785,
	"BBRinnerCluster2": 7.831978,
	"BBRinnerCluster3": 4.7383,
	"BBRinnerCluster4": 0.7486631,
	"BBRinnerCluster5": 1.7348204,
	"BBRinnerCluster6": 0.0,
	"BBRcrossGroup0-1": 13.007848,
	"BBRcrossGroup0-2": 7.3847494,
	"BBRcrossGroup1-0": 6.9224844,
	"BBRcrossGroup1-2": 3.3172078,
	"BBRcrossGroup2-0": 5.673985,
	"BBRcrossGroup2-1": 7.237433,
	"BBRcrossCluster1-2": 11.828924,
	"BBRcrossCluster1-3": 9.588149,
	"BBRcrossCluster1-4": 14.209299,
	"BBRcrossCluster1-5": 5.122732,
	"BBRcrossCluster1-6": 6.9182386,
	"BBRcrossCluster2-1": 12.92701,
	"BBRcrossCluster2-3": 23.80262,
	"BBRcrossCluster2-4": 3.5370216,
	"BBRcrossCluster2-5": 12.083333,
	"BBRcrossCluster2-6": 5.7369814,
	"BBRcrossCluster3-1": 4.0387044,
	"BBRcrossCluster3-2": 12.548801,
	"BBRcrossCluster3-4": 14.329362,
	"BBRcrossCluster3-5": 6.8824253,
	"BBRcrossCluster3-6": 0.8708273,
	"BBRcrossCluster4-1": 8.954478,
	"BBRcrossCluster4-2": 1.5635623,
	"BBRcrossCluster4-3": 22.073877,
	"BBRcrossCluster4-5": 4.2372885,
	"BBRcrossCluster4-6": 2.0262218,
	"BBRcrossCluster5-1": 6.1028194,
	"BBRcrossCluster5-2": 9.215485,
	"BBRcrossCluster5-3": 12.2658615,
	"BBRcrossCluster5-4": 6.028636,
	"BBRcrossCluster5-6": 15.706806,
	"BBRcrossCluster6-1": 3.4313726,
	"BBRcrossCluster6-2": 4.579154,
	"BBRcrossCluster6-3": 2.9874527,
	"BBRcrossCluster5-4": 5.6966896,
	"BBRcrossCluster6-5": 12.483575,
	"LP": 94973,
	"TR": 1.0,
	"VH": 1.0,
	"PH": 3.5430701357227843,
	"OXCAST": 0.027677725133302224,
	"Spec": 61.9,
	"Frag": 45.05196804045785,
	"PC": 1820939.5200178302,
	"TP": 1.7294128413883633E11,
	"EE": 0.013092102740386387,
	"EEE": 0.011797640584441212,
	"BPSK": 100.0,
	"QPSK": 0.0,
	"8QAM": 0.0,
	"16QAM": 0.0,
	"32QAM": 0.0,
	"64QAM": 0.0,
	"MetCos":0.0,
	"MetPC":0.0,
	"LPGrooming": 0.0,
	"STP": 0.004342545565581457,
	"TSTP": 412.4245799999677,
	"STmax": 0.0,
	"TSTmax": 0.0,
	"JFI_BR": 0.26497844,
	"JFI_BBR": 0.3000153,
	"Time(ms)": 0.21365
}

