{
	"Load": 270.0,
	"TDR": 2518368159,
	"TDT": 2255878220,
	"BR": 5.288,
	"BRInnerGroup0-0": 5.0789866,
	"BRInnerGroup1-1": 6.1644406,
	"BRInnerGroup2-2": 4.833837,
	"BRInnerCluster1": 2.2123895,
	"BRInnerCluster2": 5.4335895,
	"BRInnerCluster3": 1.490313,
	"BRInnerCluster4": 2.2123895,
	"BRInnerCluster5": 5.4335895,
	"BRInnerCluster6": 1.490313,
	"BRCrossGroup0-1": 7.0033574,
	"BRCrossGroup0-2": 3.4355295,
	"BRCrossGroup1-0": 3.5624688,
	"BRCrossGroup1-2": 2.100608,
	"BRCrossGroup2-0": 3.3091373,
	"BRCrossGroup2-1": 3.968254,
	"BRCrossCluster1-2": 6.4899673,
	"BRCrossCluster1-3": 4.232687,
	"BRCrossCluster1-4": 7.9462104,
	"BRCrossCluster1-5": 3.250346,
	"BRCrossCluster1-6": 3.136201,
	"BRCrossCluster2-1": 6.181728,
	"BRCrossCluster2-3": 13.557076,
	"BRCrossCluster2-4": 1.7004937,
	"BRCrossCluster2-5": 4.4612217,
	"BRCrossCluster2-6": 2.5915997,
	"BRCrossCluster3-1": 1.5802608,
	"BRCrossCluster3-2": 7.2536135,
	"BRCrossCluster3-4": 8.874132,
	"BRCrossCluster3-5": 3.1770046,
	"BRCrossCluster3-6": 0.57471263,
	"BRCrossCluster4-1": 4.391552,
	"BRCrossCluster4-2": 0.6460388,
	"BRCrossCluster4-3": 11.544228,
	"BRCrossCluster4-5": 2.7001863,
	"BRCrossCluster4-6": 1.6393442,
	"BRCrossCluster5-1": 2.7322404,
	"BRCrossCluster5-2": 5.720054,
	"BRCrossCluster5-3": 6.422296,
	"BRCrossCluster5-4": 4.446091,
	"BRCrossCluster5-6": 6.366048,
	"BRCrossCluster6-1": 2.3364487,
	"BRCrossCluster6-2": 3.3898306,
	"BRCrossCluster6-3": 1.0477298,
	"BRCrossCluster6-4": 4.023845,
	"BRCrossCluster6-5": 6.0150375,
	"BBR": 10.365982,
	"BBRinnerGroup0-0": 9.49894,
	"BBRinnerGroup1-1": 12.219118,
	"BBRinnerGroup2-2": 10.255075,
	"BBRinnerCluster1": 4.569371,
	"BBRinnerCluster2": 8.257387,
	"BBRinnerCluster3": 3.6971574,
	"BBRinnerCluster4": 1.8705391,
	"BBRinnerCluster5": 4.330709,
	"BBRinnerCluster6": 0.0,
	"BBRcrossGroup0-1": 13.3119955,
	"BBRcrossGroup0-2": 7.1375074,
	"BBRcrossGroup1-0": 7.4374504,
	"BBRcrossGroup1-2": 4.848815,
	"BBRcrossGroup2-0": 7.1504235,
	"BBRcrossGroup2-1": 8.432945,
	"BBRcrossCluster1-2": 12.388078,
	"BBRcrossCluster1-3": 8.637204,
	"BBRcrossCluster1-4": 15.492768,
	"BBRcrossCluster1-5": 6.7284584,
	"BBRcrossCluster1-6": 6.528318,
	"BBRcrossCluster2-1": 12.399056,
	"BBRcrossCluster2-3": 24.216415,
	"BBRcrossCluster2-4": 4.216705,
	"BBRcrossCluster2-5": 9.544837,
	"BBRcrossCluster2-6": 5.0892854,
	"BBRcrossCluster3-1": 3.7983425,
	"BBRcrossCluster3-2": 14.680232,
	"BBRcrossCluster3-4": 17.42459,
	"BBRcrossCluster3-5": 7.459832,
	"BBRcrossCluster3-6": 1.5392016,
	"BBRcrossCluster4-1": 9.120577,
	"BBRcrossCluster4-2": 1.5537916,
	"BBRcrossCluster4-3": 22.198668,
	"BBRcrossCluster4-5": 5.8474193,
	"BBRcrossCluster4-6": 3.339405,
	"BBRcrossCluster5-1": 5.8761806,
	"BBRcrossCluster5-2": 12.114323,
	"BBRcrossCluster5-3": 13.677401,
	"BBRcrossCluster5-4": 8.72093,
	"BBRcrossCluster5-6": 14.88498,
	"BBRcrossCluster6-1": 4.460628,
	"BBRcrossCluster6-2": 7.4978576,
	"BBRcrossCluster6-3": 2.6376147,
	"BBRcrossCluster5-4": 7.8402,
	"BBRcrossCluster6-5": 11.182519,
	"LP": 94712,
	"TR": 1.0,
	"VH": 1.0,
	"PH": 3.5506588394290057,
	"OXCAST": 0.025677332498285,
	"Spec": 61.575,
	"Frag": 45.406320162120664,
	"PC": 1823981.5727746156,
	"TP": 1.7275447058115222E11,
	"EE": 0.013058291414463226,
	"EEE": 0.011704671269663647,
	"BPSK": 100.0,
	"QPSK": 0.0,
	"8QAM": 0.0,
	"16QAM": 0.0,
	"32QAM": 0.0,
	"64QAM": 0.0,
	"MetCos":0.0,
	"MetPC":0.0,
	"LPGrooming": 0.0,
	"STP": 0.004351803784103042,
	"TSTP": 412.1680399999673,
	"STmax": 0.0,
	"TSTmax": 0.0,
	"JFI_BR": 0.27763516,
	"JFI_BBR": 0.3206857,
	"Time(ms)": 0.14419
}

