{
	"Load": 30.0,
	"TDR": 2517270854,
	"TDT": 2513624432,
	"BR": 0.115,
	"BRInnerGroup0-0": 0.68779904,
	"BRInnerGroup1-1": 0.0,
	"BRInnerGroup2-2": 0.0,
	"BRInnerCluster1": 0.0,
	"BRInnerCluster2": 3.1412184,
	"BRInnerCluster3": 0.0,
	"BRInnerCluster4": 0.0,
	"BRInnerCluster5": 3.1412184,
	"BRInnerCluster6": 0.0,
	"BRCrossGroup0-1": 0.0,
	"BRCrossGroup0-2": 0.0,
	"BRCrossGroup1-0": 0.0,
	"BRCrossGroup1-2": 0.0,
	"BRCrossGroup2-0": 0.0,
	"BRCrossGroup2-1": 0.0,
	"BRCrossCluster1-2": 0.0,
	"BRCrossCluster1-3": 0.0,
	"BRCrossCluster1-4": 0.0,
	"BRCrossCluster1-5": 0.0,
	"BRCrossCluster1-6": 0.0,
	"BRCrossCluster2-1": 0.0,
	"BRCrossCluster2-3": 0.0,
	"BRCrossCluster2-4": 0.0,
	"BRCrossCluster2-5": 0.0,
	"BRCrossCluster2-6": 0.0,
	"BRCrossCluster3-1": 0.0,
	"BRCrossCluster3-2": 0.0,
	"BRCrossCluster3-4": 0.0,
	"BRCrossCluster3-5": 0.0,
	"BRCrossCluster3-6": 0.0,
	"BRCrossCluster4-1": 0.0,
	"BRCrossCluster4-2": 0.0,
	"BRCrossCluster4-3": 0.0,
	"BRCrossCluster4-5": 0.0,
	"BRCrossCluster4-6": 0.0,
	"BRCrossCluster5-1": 0.0,
	"BRCrossCluster5-2": 0.0,
	"BRCrossCluster5-3": 0.0,
	"BRCrossCluster5-4": 0.0,
	"BRCrossCluster5-6": 0.0,
	"BRCrossCluster6-1": 0.0,
	"BRCrossCluster6-2": 0.0,
	"BRCrossCluster6-3": 0.0,
	"BRCrossCluster6-4": 0.0,
	"BRCrossCluster6-5": 0.0,
	"BBR": 0.1282835,
	"BBRinnerGroup0-0": 0.7642019,
	"BBRinnerGroup1-1": 0.0,
	"BBRinnerGroup2-2": 0.0,
	"BBRinnerCluster1": 0.0,
	"BBRinnerCluster2": 3.4688346,
	"BBRinnerCluster3": 0.0,
	"BBRinnerCluster4": 0.0,
	"BBRinnerCluster5": 0.0,
	"BBRinnerCluster6": 0.0,
	"BBRcrossGroup0-1": 0.0,
	"BBRcrossGroup0-2": 0.0,
	"BBRcrossGroup1-0": 0.0,
	"BBRcrossGroup1-2": 0.0,
	"BBRcrossGroup2-0": 0.0,
	"BBRcrossGroup2-1": 0.0,
	"BBRcrossCluster1-2": 0.0,
	"BBRcrossCluster1-3": 0.0,
	"BBRcrossCluster1-4": 0.0,
	"BBRcrossCluster1-5": 0.0,
	"BBRcrossCluster1-6": 0.0,
	"BBRcrossCluster2-1": 0.0,
	"BBRcrossCluster2-3": 0.0,
	"BBRcrossCluster2-4": 0.0,
	"BBRcrossCluster2-5": 0.0,
	"BBRcrossCluster2-6": 0.0,
	"BBRcrossCluster3-1": 0.0,
	"BBRcrossCluster3-2": 0.0,
	"BBRcrossCluster3-4": 0.0,
	"BBRcrossCluster3-5": 0.0,
	"BBRcrossCluster3-6": 0.0,
	"BBRcrossCluster4-1": 0.0,
	"BBRcrossCluster4-2": 0.0,
	"BBRcrossCluster4-3": 0.0,
	"BBRcrossCluster4-5": 0.0,
	"BBRcrossCluster4-6": 0.0,
	"BBRcrossCluster5-1": 0.0,
	"BBRcrossCluster5-2": 0.0,
	"BBRcrossCluster5-3": 0.0,
	"BBRcrossCluster5-4": 0.0,
	"BBRcrossCluster5-6": 0.0,
	"BBRcrossCluster6-1": 0.0,
	"BBRcrossCluster6-2": 0.0,
	"BBRcrossCluster6-3": 0.0,
	"BBRcrossCluster5-4": 0.0,
	"BBRcrossCluster6-5": 0.0,
	"LP": 99885,
	"TR": 1.0,
	"VH": 1.0,
	"PH": 3.5817089653101064,
	"OXCAST": 24.48709179319951,
	"Spec": 95.375,
	"Frag": 3.3388429535388684,
	"PC": 1836448.2625053595,
	"TP": 1.8343108241166998E11,
	"EE": 0.013703372399878953,
	"EEE": 0.013685793234054352,
	"BPSK": 100.0,
	"QPSK": 0.0,
	"8QAM": 0.0,
	"16QAM": 0.0,
	"32QAM": 0.0,
	"64QAM": 0.0,
	"MetCos":0.0,
	"MetPC":0.0,
	"LPGrooming": 0.0,
	"STP": 0.0043896849376778655,
	"TSTP": 438.46367999995357,
	"STmax": 0.0,
	"TSTmax": 0.0,
	"JFI_BR": 1.0,
	"JFI_BBR": 1.0,
	"Time(ms)": 0.24112
}

