{
	"Load": 120.0,
	"TDR": 2498972186,
	"TDT": 2492619898,
	"BR": 0.15699999,
	"BRInnerGroup0-0": 0.6287443,
	"BRInnerGroup1-1": 0.10899639,
	"BRInnerGroup2-2": 0.0,
	"BRInnerCluster1": 0.027800946,
	"BRInnerCluster2": 2.7580557,
	"BRInnerCluster3": 0.0,
	"BRInnerCluster4": 0.027800946,
	"BRInnerCluster5": 2.7580557,
	"BRInnerCluster6": 0.0,
	"BRCrossGroup0-1": 0.09576043,
	"BRCrossGroup0-2": 0.0,
	"BRCrossGroup1-0": 0.00724113,
	"BRCrossGroup1-2": 0.055803575,
	"BRCrossGroup2-0": 0.0,
	"BRCrossGroup2-1": 0.021956306,
	"BRCrossCluster1-2": 0.07431261,
	"BRCrossCluster1-3": 0.033482146,
	"BRCrossCluster1-4": 0.06801796,
	"BRCrossCluster1-5": 0.0,
	"BRCrossCluster1-6": 0.0,
	"BRCrossCluster2-1": 0.024390243,
	"BRCrossCluster2-3": 0.27325392,
	"BRCrossCluster2-4": 0.0,
	"BRCrossCluster2-5": 0.0,
	"BRCrossCluster2-6": 0.0,
	"BRCrossCluster3-1": 0.0,
	"BRCrossCluster3-2": 0.0,
	"BRCrossCluster3-4": 0.090689234,
	"BRCrossCluster3-5": 0.07680491,
	"BRCrossCluster3-6": 0.0,
	"BRCrossCluster4-1": 0.0,
	"BRCrossCluster4-2": 0.034952812,
	"BRCrossCluster4-3": 0.26682478,
	"BRCrossCluster4-5": 0.0,
	"BRCrossCluster4-6": 0.12210013,
	"BRCrossCluster5-1": 0.0,
	"BRCrossCluster5-2": 0.0,
	"BRCrossCluster5-3": 0.029171528,
	"BRCrossCluster5-4": 0.0,
	"BRCrossCluster5-6": 0.0,
	"BRCrossCluster6-1": 0.0,
	"BRCrossCluster6-2": 0.0,
	"BRCrossCluster6-3": 0.0,
	"BRCrossCluster6-4": 0.05235602,
	"BRCrossCluster6-5": 0.0,
	"BBR": 0.23122954,
	"BBRinnerGroup0-0": 0.65726864,
	"BBRinnerGroup1-1": 0.24269815,
	"BBRinnerGroup2-2": 0.0,
	"BBRinnerCluster1": 0.054929964,
	"BBRinnerCluster2": 2.7001095,
	"BBRinnerCluster3": 0.0,
	"BBRinnerCluster4": 0.14641288,
	"BBRinnerCluster5": 0.0,
	"BBRinnerCluster6": 0.0,
	"BBRcrossGroup0-1": 0.2241239,
	"BBRcrossGroup0-2": 0.0,
	"BBRcrossGroup1-0": 0.021883436,
	"BBRcrossGroup1-2": 0.16825575,
	"BBRcrossGroup2-0": 0.0,
	"BBRcrossGroup2-1": 0.0554293,
	"BBRcrossCluster1-2": 0.17404276,
	"BBRcrossCluster1-3": 0.08920109,
	"BBRcrossCluster1-4": 0.1581952,
	"BBRcrossCluster1-5": 0.0,
	"BBRcrossCluster1-6": 0.0,
	"BBRcrossCluster2-1": 0.073673874,
	"BBRcrossCluster2-3": 0.63117456,
	"BBRcrossCluster2-4": 0.0,
	"BBRcrossCluster2-5": 0.0,
	"BBRcrossCluster2-6": 0.0,
	"BBRcrossCluster3-1": 0.0,
	"BBRcrossCluster3-2": 0.0,
	"BBRcrossCluster3-4": 0.18320611,
	"BBRcrossCluster3-5": 0.23538643,
	"BBRcrossCluster3-6": 0.0,
	"BBRcrossCluster4-1": 0.0,
	"BBRcrossCluster4-2": 0.10585744,
	"BBRcrossCluster4-3": 0.6006908,
	"BBRcrossCluster4-5": 0.0,
	"BBRcrossCluster4-6": 0.37878788,
	"BBRcrossCluster5-1": 0.0,
	"BBRcrossCluster5-2": 0.0,
	"BBRcrossCluster5-3": 0.059382424,
	"BBRcrossCluster5-4": 0.0,
	"BBRcrossCluster5-6": 0.0,
	"BBRcrossCluster6-1": 0.0,
	"BBRcrossCluster6-2": 0.0,
	"BBRcrossCluster6-3": 0.0,
	"BBRcrossCluster5-4": 0.15910898,
	"BBRcrossCluster6-5": 0.0,
	"LP": 99843,
	"TR": 1.0,
	"VH": 1.0,
	"PH": 3.601404204601224,
	"OXCAST": 0.6294724056314664,
	"Spec": 81.15833333333333,
	"Frag": 23.65417967186764,
	"PC": 1844342.443375505,
	"TP": 1.8414589702026532E11,
	"EE": 0.013536114235147396,
	"EEE": 0.013504814739968661,
	"BPSK": 100.0,
	"QPSK": 0.0,
	"8QAM": 0.0,
	"16QAM": 0.0,
	"32QAM": 0.0,
	"64QAM": 0.0,
	"MetCos":0.0,
	"MetPC":0.0,
	"LPGrooming": 0.0,
	"STP": 0.0044137131296130006,
	"TSTP": 440.6783599999508,
	"STmax": 0.0,
	"TSTmax": 0.0,
	"JFI_BR": 0.011065614,
	"JFI_BBR": 0.011004764,
	"Time(ms)": 0.2065
}

