{
	"Load": 300.0,
	"TDR": 2498972186,
	"TDT": 2160223155,
	"BR": 7.3650002,
	"BRInnerGroup0-0": 7.017024,
	"BRInnerGroup1-1": 8.392722,
	"BRInnerGroup2-2": 7.5180225,
	"BRInnerCluster1": 4.1701417,
	"BRInnerCluster2": 5.898416,
	"BRInnerCluster3": 2.4248006,
	"BRInnerCluster4": 4.1701417,
	"BRInnerCluster5": 5.898416,
	"BRInnerCluster6": 2.4248006,
	"BRCrossGroup0-1": 9.648588,
	"BRCrossGroup0-2": 5.424528,
	"BRCrossGroup1-0": 4.7791457,
	"BRCrossGroup1-2": 2.5390625,
	"BRCrossGroup2-0": 5.547129,
	"BRCrossGroup2-1": 5.7415743,
	"BRCrossCluster1-2": 9.115681,
	"BRCrossCluster1-3": 6.5401783,
	"BRCrossCluster1-4": 10.774045,
	"BRCrossCluster1-5": 4.7333336,
	"BRCrossCluster1-6": 4.7826085,
	"BRCrossCluster2-1": 8.731708,
	"BRCrossCluster2-3": 18.089409,
	"BRCrossCluster2-4": 2.6627219,
	"BRCrossCluster2-5": 7.438017,
	"BRCrossCluster2-6": 4.9149337,
	"BRCrossCluster3-1": 2.02407,
	"BRCrossCluster3-2": 10.534802,
	"BRCrossCluster3-4": 12.333736,
	"BRCrossCluster3-5": 3.763441,
	"BRCrossCluster3-6": 1.3238289,
	"BRCrossCluster4-1": 5.5668015,
	"BRCrossCluster4-2": 0.66410345,
	"BRCrossCluster4-3": 14.793952,
	"BRCrossCluster4-5": 2.2038567,
	"BRCrossCluster4-6": 1.831502,
	"BRCrossCluster5-1": 5.816398,
	"BRCrossCluster5-2": 6.7679563,
	"BRCrossCluster5-3": 8.02217,
	"BRCrossCluster5-4": 5.9549747,
	"BRCrossCluster5-6": 8.029197,
	"BRCrossCluster6-1": 4.0250444,
	"BRCrossCluster6-2": 5.417025,
	"BRCrossCluster6-3": 2.8272657,
	"BRCrossCluster6-4": 5.497382,
	"BRCrossCluster6-5": 10.075567,
	"BBR": 13.804052,
	"BBRinnerGroup0-0": 12.455389,
	"BBRinnerGroup1-1": 15.402963,
	"BBRinnerGroup2-2": 14.872308,
	"BBRinnerCluster1": 7.44301,
	"BBRinnerCluster2": 9.26535,
	"BBRinnerCluster3": 5.886815,
	"BBRinnerCluster4": 2.147389,
	"BBRinnerCluster5": 11.27907,
	"BBRinnerCluster6": 0.0,
	"BBRcrossGroup0-1": 17.579172,
	"BBRcrossGroup0-2": 10.632994,
	"BBRcrossGroup1-0": 9.756365,
	"BBRcrossGroup1-2": 6.0011215,
	"BBRcrossGroup2-0": 10.74992,
	"BBRcrossGroup2-1": 12.139017,
	"BBRcrossCluster1-2": 15.862756,
	"BBRcrossCluster1-3": 12.995484,
	"BBRcrossCluster1-4": 20.214596,
	"BBRcrossCluster1-5": 10.016863,
	"BBRcrossCluster1-6": 8.285078,
	"BBRcrossCluster2-1": 16.969547,
	"BBRcrossCluster2-3": 30.246983,
	"BBRcrossCluster2-4": 6.3343854,
	"BBRcrossCluster2-5": 14.290634,
	"BBRcrossCluster2-6": 9.56984,
	"BBRcrossCluster3-1": 5.1038904,
	"BBRcrossCluster3-2": 20.418158,
	"BBRcrossCluster3-4": 22.671757,
	"BBRcrossCluster3-5": 9.297764,
	"BBRcrossCluster3-6": 3.45679,
	"BBRcrossCluster4-1": 10.745501,
	"BBRcrossCluster4-2": 1.7642908,
	"BBRcrossCluster4-3": 25.829702,
	"BBRcrossCluster4-5": 4.9514112,
	"BBRcrossCluster4-6": 3.3459597,
	"BBRcrossCluster5-1": 11.358735,
	"BBRcrossCluster5-2": 12.809067,
	"BBRcrossCluster5-3": 16.79038,
	"BBRcrossCluster5-4": 12.111292,
	"BBRcrossCluster5-6": 16.666668,
	"BBRcrossCluster6-1": 7.095047,
	"BBRcrossCluster6-2": 10.645432,
	"BBRcrossCluster6-3": 6.448489,
	"BBRcrossCluster5-4": 11.005039,
	"BBRcrossCluster6-5": 19.92288,
	"LP": 92635,
	"TR": 1.0,
	"VH": 1.0,
	"PH": 3.5417174933880284,
	"OXCAST": 0.020195641819440623,
	"Spec": 59.05833333333333,
	"Frag": 47.46203823472668,
	"PC": 1820389.5725826768,
	"TP": 1.686330972104441E11,
	"EE": 0.012810196756951987,
	"EEE": 0.011041870490112161,
	"BPSK": 100.0,
	"QPSK": 0.0,
	"8QAM": 0.0,
	"16QAM": 0.0,
	"32QAM": 0.0,
	"64QAM": 0.0,
	"MetCos":0.0,
	"MetPC":0.0,
	"LPGrooming": 0.0,
	"STP": 0.004340895341933088,
	"TSTP": 402.11883999997156,
	"STmax": 0.0,
	"TSTmax": 0.0,
	"JFI_BR": 0.29779097,
	"JFI_BBR": 0.34666684,
	"Time(ms)": 0.14238
}

