{
	"Load": 120.0,
	"TDR": 2504070571,
	"TDT": 2498196012,
	"BR": 0.159,
	"BRInnerGroup0-0": 0.6577388,
	"BRInnerGroup1-1": 0.058734685,
	"BRInnerGroup2-2": 0.0,
	"BRInnerCluster1": 0.0,
	"BRInnerCluster2": 2.9071333,
	"BRInnerCluster3": 0.0,
	"BRInnerCluster4": 0.0,
	"BRInnerCluster5": 2.9071333,
	"BRInnerCluster6": 0.0,
	"BRCrossGroup0-1": 0.09545021,
	"BRCrossGroup0-2": 0.0,
	"BRCrossGroup1-0": 0.036453776,
	"BRCrossGroup1-2": 0.0,
	"BRCrossGroup2-0": 0.021968367,
	"BRCrossGroup2-1": 0.022075055,
	"BRCrossCluster1-2": 0.050213408,
	"BRCrossCluster1-3": 0.08733625,
	"BRCrossCluster1-4": 0.0,
	"BRCrossCluster1-5": 0.0,
	"BRCrossCluster1-6": 0.0,
	"BRCrossCluster2-1": 0.0,
	"BRCrossCluster2-3": 0.26385224,
	"BRCrossCluster2-4": 0.0,
	"BRCrossCluster2-5": 0.0,
	"BRCrossCluster2-6": 0.0,
	"BRCrossCluster3-1": 0.0811908,
	"BRCrossCluster3-2": 0.027352298,
	"BRCrossCluster3-4": 0.0,
	"BRCrossCluster3-5": 0.0,
	"BRCrossCluster3-6": 0.0,
	"BRCrossCluster4-1": 0.0,
	"BRCrossCluster4-2": 0.034211427,
	"BRCrossCluster4-3": 0.21097046,
	"BRCrossCluster4-5": 0.0,
	"BRCrossCluster4-6": 0.0,
	"BRCrossCluster5-1": 0.0,
	"BRCrossCluster5-2": 0.065876156,
	"BRCrossCluster5-3": 0.06035003,
	"BRCrossCluster5-4": 0.035971224,
	"BRCrossCluster5-6": 0.0,
	"BRCrossCluster6-1": 0.0,
	"BRCrossCluster6-2": 0.0923361,
	"BRCrossCluster6-3": 0.0,
	"BRCrossCluster6-4": 0.0,
	"BRCrossCluster6-5": 0.0,
	"BBR": 0.23240966,
	"BBRinnerGroup0-0": 0.72727275,
	"BBRinnerGroup1-1": 0.12971798,
	"BBRinnerGroup2-2": 0.0,
	"BBRinnerCluster1": 0.0,
	"BBRinnerCluster2": 3.1020188,
	"BBRinnerCluster3": 0.0,
	"BBRinnerCluster4": 0.0,
	"BBRinnerCluster5": 0.0,
	"BBRinnerCluster6": 0.0,
	"BBRcrossGroup0-1": 0.21061681,
	"BBRcrossGroup0-2": 0.0,
	"BBRcrossGroup1-0": 0.094848976,
	"BBRcrossGroup1-2": 0.0,
	"BBRcrossGroup2-0": 0.04441977,
	"BBRcrossGroup2-1": 0.055969104,
	"BBRcrossCluster1-2": 0.12515645,
	"BBRcrossCluster1-3": 0.20450999,
	"BBRcrossCluster1-4": 0.0,
	"BBRcrossCluster1-5": 0.0,
	"BBRcrossCluster1-6": 0.0,
	"BBRcrossCluster2-1": 0.0,
	"BBRcrossCluster2-3": 0.5636423,
	"BBRcrossCluster2-4": 0.0,
	"BBRcrossCluster2-5": 0.0,
	"BBRcrossCluster2-6": 0.0,
	"BBRcrossCluster3-1": 0.18878102,
	"BBRcrossCluster3-2": 0.081989616,
	"BBRcrossCluster3-4": 0.0,
	"BBRcrossCluster3-5": 0.0,
	"BBRcrossCluster3-6": 0.0,
	"BBRcrossCluster4-1": 0.0,
	"BBRcrossCluster4-2": 0.10335918,
	"BBRcrossCluster4-3": 0.47342697,
	"BBRcrossCluster4-5": 0.0,
	"BBRcrossCluster4-6": 0.0,
	"BBRcrossCluster5-1": 0.0,
	"BBRcrossCluster5-2": 0.1996008,
	"BBRcrossCluster5-3": 0.15396458,
	"BBRcrossCluster5-4": 0.10836193,
	"BBRcrossCluster5-6": 0.0,
	"BBRcrossCluster6-1": 0.0,
	"BBRcrossCluster6-2": 0.18648018,
	"BBRcrossCluster6-3": 0.0,
	"BBRcrossCluster5-4": 0.0,
	"BBRcrossCluster6-5": 0.0,
	"LP": 99841,
	"TR": 1.0,
	"VH": 1.0,
	"PH": 3.5833976021874783,
	"OXCAST": 0.6606483754009743,
	"Spec": 81.31666666666666,
	"Frag": 23.492220402410837,
	"PC": 1837127.4162370753,
	"TP": 1.8342065345415622E11,
	"EE": 0.013620036593231273,
	"EEE": 0.013588382313031357,
	"BPSK": 100.0,
	"QPSK": 0.0,
	"8QAM": 0.0,
	"16QAM": 0.0,
	"32QAM": 0.0,
	"64QAM": 0.0,
	"MetCos":0.0,
	"MetPC":0.0,
	"LPGrooming": 0.0,
	"STP": 0.0043917450746682836,
	"TSTP": 438.47621999995613,
	"STmax": 0.0,
	"TSTmax": 0.0,
	"JFI_BR": 0.0114446785,
	"JFI_BBR": 0.010984756,
	"Time(ms)": 0.21182
}

