{
	"Load": 120.0,
	"TDR": 2517270854,
	"TDT": 2509670952,
	"BR": 0.17300001,
	"BRInnerGroup0-0": 0.72966504,
	"BRInnerGroup1-1": 0.09152937,
	"BRInnerGroup2-2": 0.0,
	"BRInnerCluster1": 0.0,
	"BRInnerCluster2": 3.223163,
	"BRInnerCluster3": 0.0,
	"BRInnerCluster4": 0.0,
	"BRInnerCluster5": 3.223163,
	"BRInnerCluster6": 0.0,
	"BRCrossGroup0-1": 0.10400716,
	"BRCrossGroup0-2": 0.0,
	"BRCrossGroup1-0": 0.028983407,
	"BRCrossGroup1-2": 0.0,
	"BRCrossGroup2-0": 0.0,
	"BRCrossGroup2-1": 0.0,
	"BRCrossCluster1-2": 0.025406502,
	"BRCrossCluster1-3": 0.08671147,
	"BRCrossCluster1-4": 0.013877325,
	"BRCrossCluster1-5": 0.0,
	"BRCrossCluster1-6": 0.0,
	"BRCrossCluster2-1": 0.07398274,
	"BRCrossCluster2-3": 0.28935805,
	"BRCrossCluster2-4": 0.0,
	"BRCrossCluster2-5": 0.0,
	"BRCrossCluster2-6": 0.0,
	"BRCrossCluster3-1": 0.02737476,
	"BRCrossCluster3-2": 0.0,
	"BRCrossCluster3-4": 0.0,
	"BRCrossCluster3-5": 0.0,
	"BRCrossCluster3-6": 0.0,
	"BRCrossCluster4-1": 0.03367003,
	"BRCrossCluster4-2": 0.033898305,
	"BRCrossCluster4-3": 0.32904577,
	"BRCrossCluster4-5": 0.0921659,
	"BRCrossCluster4-6": 0.0,
	"BRCrossCluster5-1": 0.0,
	"BRCrossCluster5-2": 0.0,
	"BRCrossCluster5-3": 0.0,
	"BRCrossCluster5-4": 0.0,
	"BRCrossCluster5-6": 0.0,
	"BRCrossCluster6-1": 0.0,
	"BRCrossCluster6-2": 0.0,
	"BRCrossCluster6-3": 0.0,
	"BRCrossCluster6-4": 0.0,
	"BRCrossCluster6-5": 0.0,
	"BBR": 0.26358253,
	"BBRinnerGroup0-0": 0.85972714,
	"BBRinnerGroup1-1": 0.23444696,
	"BBRinnerGroup2-2": 0.0,
	"BBRinnerCluster1": 0.0,
	"BBRinnerCluster2": 3.604336,
	"BBRinnerCluster3": 0.0,
	"BBRinnerCluster4": 0.0,
	"BBRinnerCluster5": 0.0,
	"BBRinnerCluster6": 0.0,
	"BBRcrossGroup0-1": 0.22836,
	"BBRcrossGroup0-2": 0.0,
	"BBRcrossGroup1-0": 0.088044316,
	"BBRcrossGroup1-2": 0.0,
	"BBRcrossGroup2-0": 0.0,
	"BBRcrossGroup2-1": 0.0,
	"BBRcrossCluster1-2": 0.05137426,
	"BBRcrossCluster1-3": 0.17363937,
	"BBRcrossCluster1-4": 0.041146617,
	"BBRcrossCluster1-5": 0.0,
	"BBRcrossCluster1-6": 0.0,
	"BBRcrossCluster2-1": 0.22118457,
	"BBRcrossCluster2-3": 0.6443299,
	"BBRcrossCluster2-4": 0.0,
	"BBRcrossCluster2-5": 0.0,
	"BBRcrossCluster2-6": 0.0,
	"BBRcrossCluster3-1": 0.08413967,
	"BBRcrossCluster3-2": 0.0,
	"BBRcrossCluster3-4": 0.0,
	"BBRcrossCluster3-5": 0.0,
	"BBRcrossCluster3-6": 0.0,
	"BBRcrossCluster4-1": 0.10005003,
	"BBRcrossCluster4-2": 0.101971455,
	"BBRcrossCluster4-3": 0.8307373,
	"BBRcrossCluster4-5": 0.28248587,
	"BBRcrossCluster4-6": 0.0,
	"BBRcrossCluster5-1": 0.0,
	"BBRcrossCluster5-2": 0.0,
	"BBRcrossCluster5-3": 0.0,
	"BBRcrossCluster5-4": 0.0,
	"BBRcrossCluster5-6": 0.0,
	"BBRcrossCluster6-1": 0.0,
	"BBRcrossCluster6-2": 0.0,
	"BBRcrossCluster6-3": 0.0,
	"BBRcrossCluster5-4": 0.0,
	"BBRcrossCluster6-5": 0.0,
	"LP": 99827,
	"TR": 1.0,
	"VH": 1.0,
	"PH": 3.5819768198984243,
	"OXCAST": 0.7283700260013796,
	"Spec": 81.275,
	"Frag": 23.31093938802432,
	"PC": 1836555.2629465393,
	"TP": 1.8333939210556857E11,
	"EE": 0.013688661902810867,
	"EEE": 0.013652580981767689,
	"BPSK": 100.0,
	"QPSK": 0.0,
	"8QAM": 0.0,
	"16QAM": 0.0,
	"32QAM": 0.0,
	"64QAM": 0.0,
	"MetCos":0.0,
	"MetPC":0.0,
	"LPGrooming": 0.0,
	"STP": 0.0043900117202756135,
	"TSTP": 438.2416999999537,
	"STmax": 0.0,
	"TSTmax": 0.0,
	"JFI_BR": 0.005782118,
	"JFI_BBR": 0.0052701533,
	"Time(ms)": 0.12819
}

