{
	"Load": 210.0,
	"TDR": 2502554587,
	"TDT": 2396671946,
	"BR": 1.9430001,
	"BRInnerGroup0-0": 2.0315895,
	"BRInnerGroup1-1": 2.2018657,
	"BRInnerGroup2-2": 0.9861933,
	"BRInnerCluster1": 0.7852694,
	"BRInnerCluster2": 4.0445166,
	"BRInnerCluster3": 0.53475934,
	"BRInnerCluster4": 0.7852694,
	"BRInnerCluster5": 4.0445166,
	"BRInnerCluster6": 0.53475934,
	"BRCrossGroup0-1": 2.8264458,
	"BRCrossGroup0-2": 0.6938422,
	"BRCrossGroup1-0": 0.9882147,
	"BRCrossGroup1-2": 0.62364423,
	"BRCrossGroup2-0": 0.7875739,
	"BRCrossGroup2-1": 1.3677305,
	"BRCrossCluster1-2": 1.6907012,
	"BRCrossCluster1-3": 2.147405,
	"BRCrossCluster1-4": 2.1511307,
	"BRCrossCluster1-5": 0.67114097,
	"BRCrossCluster1-6": 0.3666361,
	"BRCrossCluster2-1": 1.9263184,
	"BRCrossCluster2-3": 6.2582636,
	"BRCrossCluster2-4": 0.31182212,
	"BRCrossCluster2-5": 1.367054,
	"BRCrossCluster2-6": 1.0723861,
	"BRCrossCluster3-1": 0.38834953,
	"BRCrossCluster3-2": 1.9452055,
	"BRCrossCluster3-4": 2.6356113,
	"BRCrossCluster3-5": 1.0550114,
	"BRCrossCluster3-6": 0.0,
	"BRCrossCluster4-1": 1.3157895,
	"BRCrossCluster4-2": 0.24647887,
	"BRCrossCluster4-3": 4.8277984,
	"BRCrossCluster4-5": 0.6329114,
	"BRCrossCluster4-6": 0.7434944,
	"BRCrossCluster5-1": 0.8807588,
	"BRCrossCluster5-2": 0.90466255,
	"BRCrossCluster5-3": 2.206096,
	"BRCrossCluster5-4": 1.3323182,
	"BRCrossCluster5-6": 1.604278,
	"BRCrossCluster6-1": 0.6289308,
	"BRCrossCluster6-2": 0.73394495,
	"BRCrossCluster6-3": 0.39888313,
	"BRCrossCluster6-4": 1.6210741,
	"BRCrossCluster6-5": 0.9569378,
	"BBR": 4.1570067,
	"BBRinnerGroup0-0": 3.8340926,
	"BBRinnerGroup1-1": 4.9696817,
	"BBRinnerGroup2-2": 2.1600394,
	"BBRinnerCluster1": 1.9866631,
	"BBRinnerCluster2": 5.8144217,
	"BBRinnerCluster3": 1.3811741,
	"BBRinnerCluster4": 0.14955135,
	"BBRinnerCluster5": 0.4784689,
	"BBRinnerCluster6": 0.0,
	"BBRcrossGroup0-1": 6.0112915,
	"BBRcrossGroup0-2": 1.7343531,
	"BBRcrossGroup1-0": 2.419414,
	"BBRcrossGroup1-2": 1.6286645,
	"BBRcrossGroup2-0": 1.906126,
	"BBRcrossGroup2-1": 2.8443363,
	"BBRcrossCluster1-2": 3.5804656,
	"BBRcrossCluster1-3": 4.9063435,
	"BBRcrossCluster1-4": 4.654403,
	"BBRcrossCluster1-5": 1.6472204,
	"BBRcrossCluster1-6": 0.8597286,
	"BBRcrossCluster2-1": 4.319732,
	"BBRcrossCluster2-3": 12.78303,
	"BBRcrossCluster2-4": 0.7529507,
	"BBRcrossCluster2-5": 2.712912,
	"BBRcrossCluster2-6": 2.7669692,
	"BBRcrossCluster3-1": 0.91909206,
	"BBRcrossCluster3-2": 4.7802725,
	"BBRcrossCluster3-4": 6.4786115,
	"BBRcrossCluster3-5": 2.9980276,
	"BBRcrossCluster3-6": 0.0,
	"BBRcrossCluster4-1": 3.1358309,
	"BBRcrossCluster4-2": 0.6836992,
	"BBRcrossCluster4-3": 10.157944,
	"BBRcrossCluster4-5": 1.5004413,
	"BBRcrossCluster4-6": 1.7177913,
	"BBRcrossCluster5-1": 2.2410865,
	"BBRcrossCluster5-2": 2.215969,
	"BBRcrossCluster5-3": 4.5939407,
	"BBRcrossCluster5-4": 3.0821917,
	"BBRcrossCluster5-6": 3.728362,
	"BBRcrossCluster6-1": 1.4525647,
	"BBRcrossCluster6-2": 1.6317016,
	"BBRcrossCluster6-3": 1.0528448,
	"BBRcrossCluster5-4": 2.813745,
	"BBRcrossCluster6-5": 1.9680196,
	"LP": 98057,
	"TR": 1.0,
	"VH": 1.0,
	"PH": 3.5768685560439337,
	"OXCAST": 0.044969114622892346,
	"Spec": 68.45833333333333,
	"Frag": 39.01269677142872,
	"PC": 1834498.2395086936,
	"TP": 1.7988566826522165E11,
	"EE": 0.013323306793214735,
	"EEE": 0.01276945603175397,
	"BPSK": 100.0,
	"QPSK": 0.0,
	"8QAM": 0.0,
	"16QAM": 0.0,
	"32QAM": 0.0,
	"64QAM": 0.0,
	"MetCos":0.0,
	"MetPC":0.0,
	"LPGrooming": 0.0,
	"STP": 0.00438377963837314,
	"TSTP": 429.86027999995497,
	"STmax": 0.0,
	"TSTmax": 0.0,
	"JFI_BR": 0.14219484,
	"JFI_BBR": 0.16172457,
	"Time(ms)": 0.22783
}

