{
	"Load": 300.0,
	"TDR": 2517270854,
	"TDT": 2179005922,
	"BR": 7.125,
	"BRInnerGroup0-0": 7.039474,
	"BRInnerGroup1-1": 8.054585,
	"BRInnerGroup2-2": 6.268081,
	"BRInnerCluster1": 3.8115983,
	"BRInnerCluster2": 6.036602,
	"BRInnerCluster3": 2.783475,
	"BRInnerCluster4": 3.8115983,
	"BRInnerCluster5": 6.036602,
	"BRInnerCluster6": 2.783475,
	"BRCrossGroup0-1": 9.44154,
	"BRCrossGroup0-2": 4.9162498,
	"BRCrossGroup1-0": 4.4706907,
	"BRCrossGroup1-2": 2.4294891,
	"BRCrossGroup2-0": 5.2205415,
	"BRCrossGroup2-1": 5.279642,
	"BRCrossCluster1-2": 9.273375,
	"BRCrossCluster1-3": 6.2215476,
	"BRCrossCluster1-4": 10.532889,
	"BRCrossCluster1-5": 3.161512,
	"BRCrossCluster1-6": 4.2240586,
	"BRCrossCluster2-1": 9.247843,
	"BRCrossCluster2-3": 18.015217,
	"BRCrossCluster2-4": 2.281059,
	"BRCrossCluster2-5": 7.1819425,
	"BRCrossCluster2-6": 4.9283156,
	"BRCrossCluster3-1": 1.6698605,
	"BRCrossCluster3-2": 8.485676,
	"BRCrossCluster3-4": 10.309588,
	"BRCrossCluster3-5": 4.274194,
	"BRCrossCluster3-6": 0.6993007,
	"BRCrossCluster4-1": 7.037037,
	"BRCrossCluster4-2": 0.779661,
	"BRCrossCluster4-3": 15.435238,
	"BRCrossCluster4-5": 2.3963132,
	"BRCrossCluster4-6": 1.7114915,
	"BRCrossCluster5-1": 5.6818185,
	"BRCrossCluster5-2": 7.355021,
	"BRCrossCluster5-3": 8.253012,
	"BRCrossCluster5-4": 5.555556,
	"BRCrossCluster5-6": 8.333334,
	"BRCrossCluster6-1": 3.9747064,
	"BRCrossCluster6-2": 3.8626611,
	"BRCrossCluster6-3": 1.963141,
	"BRCrossCluster6-4": 4.4829345,
	"BRCrossCluster6-5": 8.226221,
	"BBR": 13.427174,
	"BBRinnerGroup0-0": 12.582464,
	"BBRinnerGroup1-1": 15.377209,
	"BBRinnerGroup2-2": 12.770043,
	"BBRinnerCluster1": 7.025572,
	"BBRinnerCluster2": 10.162601,
	"BBRinnerCluster3": 6.5024056,
	"BBRinnerCluster4": 1.9786097,
	"BBRinnerCluster5": 7.434944,
	"BBRinnerCluster6": 0.0,
	"BBRcrossGroup0-1": 17.288874,
	"BBRcrossGroup0-2": 9.569587,
	"BBRcrossGroup1-0": 9.134598,
	"BBRcrossGroup1-2": 5.52868,
	"BBRcrossGroup2-0": 10.255594,
	"BBRcrossGroup2-1": 10.917863,
	"BBRcrossCluster1-2": 17.14616,
	"BBRcrossCluster1-3": 12.10592,
	"BBRcrossCluster1-4": 20.456726,
	"BBRcrossCluster1-5": 5.514052,
	"BBRcrossCluster1-6": 8.490566,
	"BBRcrossCluster2-1": 16.760876,
	"BBRcrossCluster2-3": 30.122423,
	"BBRcrossCluster2-4": 5.5670247,
	"BBRcrossCluster2-5": 14.027778,
	"BBRcrossCluster2-6": 9.708737,
	"BBRcrossCluster3-1": 4.052727,
	"BBRcrossCluster3-2": 16.717793,
	"BBRcrossCluster3-4": 19.27895,
	"BBRcrossCluster3-5": 9.995903,
	"BBRcrossCluster3-6": 1.7416546,
	"BBRcrossCluster4-1": 13.956979,
	"BBRcrossCluster4-2": 1.7845002,
	"BBRcrossCluster4-3": 28.05222,
	"BBRcrossCluster4-5": 5.7438793,
	"BBRcrossCluster4-6": 3.4564958,
	"BBRcrossCluster5-1": 9.519072,
	"BBRcrossCluster5-2": 13.600548,
	"BBRcrossCluster5-3": 16.722055,
	"BBRcrossCluster5-4": 11.00226,
	"BBRcrossCluster5-6": 16.099476,
	"BBRcrossCluster6-1": 8.467023,
	"BBRcrossCluster6-2": 8.068033,
	"BBRcrossCluster6-3": 4.580761,
	"BBRcrossCluster5-4": 9.083911,
	"BBRcrossCluster6-5": 18.791065,
	"LP": 92875,
	"TR": 1.0,
	"VH": 1.0,
	"PH": 3.5230040376850607,
	"OXCAST": 0.026787028733351585,
	"Spec": 59.25833333333333,
	"Frag": 47.22354896705128,
	"PC": 1812889.7154874122,
	"TP": 1.683733705192222E11,
	"EE": 0.012941511566113334,
	"EEE": 0.011203832339790446,
	"BPSK": 100.0,
	"QPSK": 0.0,
	"8QAM": 0.0,
	"16QAM": 0.0,
	"32QAM": 0.0,
	"64QAM": 0.0,
	"MetCos":0.0,
	"MetPC":0.0,
	"LPGrooming": 0.0,
	"STP": 0.004318064925975481,
	"TSTP": 401.0402799999728,
	"STmax": 0.0,
	"TSTmax": 0.0,
	"JFI_BR": 0.29421595,
	"JFI_BBR": 0.34361094,
	"Time(ms)": 0.21722
}

