{
	"Load": 210.0,
	"TDR": 2518368159,
	"TDT": 2410631097,
	"BR": 2.022,
	"BRInnerGroup0-0": 2.1520119,
	"BRInnerGroup1-1": 2.45582,
	"BRInnerGroup2-2": 0.8056395,
	"BRInnerCluster1": 0.6637168,
	"BRInnerCluster2": 4.1163554,
	"BRInnerCluster3": 0.5365127,
	"BRInnerCluster4": 0.6637168,
	"BRInnerCluster5": 4.1163554,
	"BRInnerCluster6": 0.5365127,
	"BRCrossGroup0-1": 2.7207706,
	"BRCrossGroup0-2": 1.1089367,
	"BRCrossGroup1-0": 1.2472224,
	"BRCrossGroup1-2": 0.8015478,
	"BRCrossGroup2-0": 1.1955594,
	"BRCrossGroup2-1": 1.2676367,
	"BRCrossCluster1-2": 2.1055238,
	"BRCrossCluster1-3": 1.6509695,
	"BRCrossCluster1-4": 2.62157,
	"BRCrossCluster1-5": 0.8990319,
	"BRCrossCluster1-6": 1.344086,
	"BRCrossCluster2-1": 1.83714,
	"BRCrossCluster2-3": 5.884301,
	"BRCrossCluster2-4": 0.3017005,
	"BRCrossCluster2-5": 1.6472204,
	"BRCrossCluster2-6": 0.8042895,
	"BRCrossCluster3-1": 0.4435819,
	"BRCrossCluster3-2": 2.3127465,
	"BRCrossCluster3-4": 3.3504379,
	"BRCrossCluster3-5": 1.2859304,
	"BRCrossCluster3-6": 0.09578544,
	"BRCrossCluster4-1": 1.7432116,
	"BRCrossCluster4-2": 0.27201632,
	"BRCrossCluster4-3": 5.007496,
	"BRCrossCluster4-5": 1.1173184,
	"BRCrossCluster4-6": 1.1349306,
	"BRCrossCluster5-1": 0.8879782,
	"BRCrossCluster5-2": 2.759085,
	"BRCrossCluster5-3": 2.2720387,
	"BRCrossCluster5-4": 1.5561318,
	"BRCrossCluster5-6": 1.061008,
	"BRCrossCluster6-1": 0.74766356,
	"BRCrossCluster6-2": 0.9322034,
	"BRCrossCluster6-3": 0.19402406,
	"BRCrossCluster6-4": 1.3909588,
	"BRCrossCluster6-5": 1.0025063,
	"BBR": 4.286755,
	"BBRinnerGroup0-0": 3.9422245,
	"BBRinnerGroup1-1": 5.5196567,
	"BBRinnerGroup2-2": 2.0822487,
	"BBRinnerCluster1": 1.5092772,
	"BBRinnerCluster2": 5.4404864,
	"BBRinnerCluster3": 1.3256739,
	"BBRinnerCluster4": 0.0,
	"BBRinnerCluster5": 0.5249344,
	"BBRinnerCluster6": 0.0,
	"BBRcrossGroup0-1": 5.6332293,
	"BBRcrossGroup0-2": 2.6752274,
	"BBRcrossGroup1-0": 2.9850748,
	"BBRcrossGroup1-2": 1.879597,
	"BBRcrossGroup2-0": 2.6588984,
	"BBRcrossGroup2-1": 3.0784347,
	"BBRcrossCluster1-2": 4.2928987,
	"BBRcrossCluster1-3": 3.5792305,
	"BBRcrossCluster1-4": 5.403053,
	"BBRcrossCluster1-5": 2.3343632,
	"BBRcrossCluster1-6": 2.7669692,
	"BBRcrossCluster2-1": 4.1992793,
	"BBRcrossCluster2-3": 12.038985,
	"BBRcrossCluster2-4": 0.78262043,
	"BBRcrossCluster2-5": 4.076087,
	"BBRcrossCluster2-6": 1.6964287,
	"BBRcrossCluster3-1": 1.1325966,
	"BBRcrossCluster3-2": 5.2854123,
	"BBRcrossCluster3-4": 7.4108095,
	"BBRcrossCluster3-5": 3.3664882,
	"BBRcrossCluster3-6": 0.2886003,
	"BBRcrossCluster4-1": 4.3971143,
	"BBRcrossCluster4-2": 0.74311775,
	"BBRcrossCluster4-3": 11.356753,
	"BBRcrossCluster4-5": 2.5582457,
	"BBRcrossCluster4-6": 2.0643594,
	"BBRcrossCluster5-1": 2.3084993,
	"BBRcrossCluster5-2": 6.5605717,
	"BBRcrossCluster5-3": 5.4468856,
	"BBRcrossCluster5-4": 3.1613371,
	"BBRcrossCluster5-6": 2.976996,
	"BBRcrossCluster6-1": 1.3199818,
	"BBRcrossCluster6-2": 1.7137961,
	"BBRcrossCluster6-3": 0.5733945,
	"BBRcrossCluster5-4": 3.3458178,
	"BBRcrossCluster6-5": 2.3136246,
	"LP": 97978,
	"TR": 1.0,
	"VH": 1.0,
	"PH": 3.579701565657597,
	"OXCAST": 0.0488242570144365,
	"Spec": 68.08333333333333,
	"Frag": 39.440013089052655,
	"PC": 1835635.3213269932,
	"TP": 1.7985376372264545E11,
	"EE": 0.013403284129863758,
	"EEE": 0.01282871816587097,
	"BPSK": 100.0,
	"QPSK": 0.0,
	"8QAM": 0.0,
	"16QAM": 0.0,
	"32QAM": 0.0,
	"64QAM": 0.0,
	"MetCos":0.0,
	"MetPC":0.0,
	"LPGrooming": 0.0,
	"STP": 0.004387235910101838,
	"TSTP": 429.85259999995793,
	"STmax": 0.0,
	"TSTmax": 0.0,
	"JFI_BR": 0.17914039,
	"JFI_BBR": 0.1887703,
	"Time(ms)": 0.13695
}

