{
	"Load": 300.0,
	"TDR": 2502554587,
	"TDT": 2167804006,
	"BR": 6.9849997,
	"BRInnerGroup0-0": 6.576243,
	"BRInnerGroup1-1": 8.009076,
	"BRInnerGroup2-2": 6.7061143,
	"BRInnerCluster1": 3.601408,
	"BRInnerCluster2": 6.4603696,
	"BRInnerCluster3": 2.4064171,
	"BRInnerCluster4": 3.601408,
	"BRInnerCluster5": 6.4603696,
	"BRInnerCluster6": 2.4064171,
	"BRCrossGroup0-1": 9.426312,
	"BRCrossGroup0-2": 5.312229,
	"BRCrossGroup1-0": 4.4286656,
	"BRCrossGroup1-2": 2.0607374,
	"BRCrossGroup2-0": 4.4847956,
	"BRCrossGroup2-1": 5.0928497,
	"BRCrossCluster1-2": 7.881651,
	"BRCrossCluster1-3": 6.7983165,
	"BRCrossCluster1-4": 10.328186,
	"BRCrossCluster1-5": 5.4362416,
	"BRCrossCluster1-6": 3.0247478,
	"BRCrossCluster2-1": 8.4758005,
	"BRCrossCluster2-3": 17.97047,
	"BRCrossCluster2-4": 2.1149673,
	"BRCrossCluster2-5": 7.1086807,
	"BRCrossCluster2-6": 4.7363715,
	"BRCrossCluster3-1": 2.191401,
	"BRCrossCluster3-2": 8.79452,
	"BRCrossCluster3-4": 11.094085,
	"BRCrossCluster3-5": 3.6925395,
	"BRCrossCluster3-6": 0.1904762,
	"BRCrossCluster4-1": 5.4318485,
	"BRCrossCluster4-2": 0.88028175,
	"BRCrossCluster4-3": 15.252152,
	"BRCrossCluster4-5": 2.8028934,
	"BRCrossCluster4-6": 1.6109046,
	"BRCrossCluster5-1": 5.6233063,
	"BRCrossCluster5-2": 5.288796,
	"BRCrossCluster5-3": 7.6632795,
	"BRCrossCluster5-4": 5.062809,
	"BRCrossCluster5-6": 10.427807,
	"BRCrossCluster6-1": 2.5157232,
	"BRCrossCluster6-2": 4.8623853,
	"BRCrossCluster6-3": 2.1539688,
	"BRCrossCluster6-4": 4.863222,
	"BRCrossCluster6-5": 6.937799,
	"BBR": 13.348288,
	"BBRinnerGroup0-0": 12.028874,
	"BBRinnerGroup1-1": 15.540856,
	"BBRinnerGroup2-2": 14.187531,
	"BBRinnerCluster1": 7.2520146,
	"BBRinnerCluster2": 10.756008,
	"BBRinnerCluster3": 5.86999,
	"BBRinnerCluster4": 1.8444667,
	"BBRinnerCluster5": 8.133971,
	"BBRinnerCluster6": 0.0,
	"BBRcrossGroup0-1": 17.347986,
	"BBRcrossGroup0-2": 10.675428,
	"BBRcrossGroup1-0": 9.152654,
	"BBRcrossGroup1-2": 4.913138,
	"BBRcrossGroup2-0": 9.442486,
	"BBRcrossGroup2-1": 10.630292,
	"BBRcrossCluster1-2": 14.182693,
	"BBRcrossCluster1-3": 13.691996,
	"BBRcrossCluster1-4": 19.809086,
	"BBRcrossCluster1-5": 11.736444,
	"BBRcrossCluster1-6": 6.334842,
	"BBRcrossCluster2-1": 15.878904,
	"BBRcrossCluster2-3": 30.292372,
	"BBRcrossCluster2-4": 5.0332384,
	"BBRcrossCluster2-5": 12.568681,
	"BBRcrossCluster2-6": 9.727626,
	"BBRcrossCluster3-1": 4.846122,
	"BBRcrossCluster3-2": 17.619505,
	"BBRcrossCluster3-4": 22.272163,
	"BBRcrossCluster3-5": 9.112426,
	"BBRcrossCluster3-6": 0.47214353,
	"BBRcrossCluster4-1": 10.958903,
	"BBRcrossCluster4-2": 2.3749552,
	"BBRcrossCluster4-3": 27.299473,
	"BBRcrossCluster4-5": 5.9135036,
	"BBRcrossCluster4-6": 3.4969325,
	"BBRcrossCluster5-1": 12.665536,
	"BBRcrossCluster5-2": 10.798452,
	"BBRcrossCluster5-3": 15.588109,
	"BBRcrossCluster5-4": 10.045662,
	"BBRcrossCluster5-6": 21.970705,
	"BBRcrossCluster6-1": 5.4925103,
	"BBRcrossCluster6-2": 9.370629,
	"BBRcrossCluster6-3": 5.142741,
	"BBRcrossCluster5-4": 9.636455,
	"BBRcrossCluster6-5": 15.252152,
	"LP": 93015,
	"TR": 1.0,
	"VH": 1.0,
	"PH": 3.5290652045369026,
	"OXCAST": 0.02547325192877517,
	"Spec": 59.24166666666667,
	"Frag": 47.484859370396,
	"PC": 1815318.8992516357,
	"TP": 1.6885207510046588E11,
	"EE": 0.012838480099875413,
	"EEE": 0.011124762854935175,
	"BPSK": 100.0,
	"QPSK": 0.0,
	"8QAM": 0.0,
	"16QAM": 0.0,
	"32QAM": 0.0,
	"64QAM": 0.0,
	"MetCos":0.0,
	"MetPC":0.0,
	"LPGrooming": 0.0,
	"STP": 0.004325459549534695,
	"TSTP": 402.3326199999696,
	"STmax": 0.0,
	"TSTmax": 0.0,
	"JFI_BR": 0.28503186,
	"JFI_BBR": 0.33599752,
	"Time(ms)": 0.12769
}

