{
	"Load": 180.0,
	"TDR": 2502554587,
	"TDT": 2452586130,
	"BR": 0.90500003,
	"BRInnerGroup0-0": 1.1156127,
	"BRInnerGroup1-1": 1.0421044,
	"BRInnerGroup2-2": 0.49309665,
	"BRInnerCluster1": 0.18954779,
	"BRInnerCluster2": 3.4201953,
	"BRInnerCluster3": 0.20796198,
	"BRInnerCluster4": 0.18954779,
	"BRInnerCluster5": 3.4201953,
	"BRInnerCluster6": 0.20796198,
	"BRCrossGroup0-1": 1.2800093,
	"BRCrossGroup0-2": 0.2601908,
	"BRCrossGroup1-0": 0.38796574,
	"BRCrossGroup1-2": 0.35249457,
	"BRCrossGroup2-0": 0.37190986,
	"BRCrossGroup2-1": 0.54486823,
	"BRCrossCluster1-2": 0.5221283,
	"BRCrossCluster1-3": 0.99277,
	"BRCrossCluster1-4": 0.689465,
	"BRCrossCluster1-5": 0.20134228,
	"BRCrossCluster1-6": 0.2749771,
	"BRCrossCluster2-1": 0.6982904,
	"BRCrossCluster2-3": 2.9748788,
	"BRCrossCluster2-4": 0.108459875,
	"BRCrossCluster2-5": 0.2734108,
	"BRCrossCluster2-6": 0.5361931,
	"BRCrossCluster3-1": 0.083217755,
	"BRCrossCluster3-2": 0.7671233,
	"BRCrossCluster3-4": 1.0419859,
	"BRCrossCluster3-5": 0.5275057,
	"BRCrossCluster3-6": 0.0,
	"BRCrossCluster4-1": 0.4385965,
	"BRCrossCluster4-2": 0.17605634,
	"BRCrossCluster4-3": 2.5215251,
	"BRCrossCluster4-5": 0.45207956,
	"BRCrossCluster4-6": 0.61957866,
	"BRCrossCluster5-1": 0.47425473,
	"BRCrossCluster5-2": 0.34794712,
	"BRCrossCluster5-3": 0.89985484,
	"BRCrossCluster5-4": 0.8755234,
	"BRCrossCluster5-6": 1.3368983,
	"BRCrossCluster6-1": 0.08984726,
	"BRCrossCluster6-2": 0.64220184,
	"BRCrossCluster6-3": 0.11966494,
	"BRCrossCluster6-4": 0.7092198,
	"BRCrossCluster6-5": 0.0,
	"BBR": 1.9307898,
	"BBRinnerGroup0-0": 1.8282943,
	"BBRinnerGroup1-1": 2.387313,
	"BBRinnerGroup2-2": 1.2763869,
	"BBRinnerCluster1": 0.5279244,
	"BBRinnerCluster2": 4.283604,
	"BBRinnerCluster3": 0.54045945,
	"BBRinnerCluster4": 0.14955135,
	"BBRinnerCluster5": 0.0,
	"BBRinnerCluster6": 0.0,
	"BBRcrossGroup0-1": 2.8619697,
	"BBRcrossGroup0-2": 0.6355704,
	"BBRcrossGroup1-0": 0.9472061,
	"BBRcrossGroup1-2": 0.8279044,
	"BBRcrossGroup2-0": 0.8814456,
	"BBRcrossGroup2-1": 1.1565492,
	"BBRcrossCluster1-2": 1.1892712,
	"BBRcrossCluster1-3": 2.3999574,
	"BBRcrossCluster1-4": 1.5955964,
	"BBRcrossCluster1-5": 0.6177076,
	"BBRcrossCluster1-6": 0.5882353,
	"BBRcrossCluster2-1": 1.6991744,
	"BBRcrossCluster2-3": 6.402506,
	"BBRcrossCluster2-4": 0.29846695,
	"BBRcrossCluster2-5": 0.30906594,
	"BBRcrossCluster2-6": 1.2970169,
	"BBRcrossCluster3-1": 0.2228102,
	"BBRcrossCluster3-2": 1.9286401,
	"BBRcrossCluster3-4": 2.5418475,
	"BBRcrossCluster3-5": 1.5779092,
	"BBRcrossCluster3-6": 0.0,
	"BBRcrossCluster4-1": 1.0562799,
	"BBRcrossCluster4-2": 0.39582583,
	"BBRcrossCluster4-3": 5.528027,
	"BBRcrossCluster4-5": 0.8826125,
	"BBRcrossCluster4-6": 1.0429448,
	"BBRcrossCluster5-1": 1.2224109,
	"BBRcrossCluster5-2": 0.84417874,
	"BBRcrossCluster5-3": 2.03385,
	"BBRcrossCluster5-4": 1.8835617,
	"BBRcrossCluster5-6": 3.4620504,
	"BBRcrossCluster6-1": 0.27235588,
	"BBRcrossCluster6-2": 1.3053613,
	"BBRcrossCluster6-3": 0.32395223,
	"BBRcrossCluster5-4": 1.0956175,
	"BBRcrossCluster6-5": 0.0,
	"LP": 99095,
	"TR": 1.0,
	"VH": 1.0,
	"PH": 3.5847923709571625,
	"OXCAST": 0.07400263938227855,
	"Spec": 72.38333333333334,
	"Frag": 34.70605844544038,
	"PC": 1837679.476935027,
	"TP": 1.8210511558096475E11,
	"EE": 0.013467969431696548,
	"EEE": 0.013207931247830734,
	"BPSK": 100.0,
	"QPSK": 0.0,
	"8QAM": 0.0,
	"16QAM": 0.0,
	"32QAM": 0.0,
	"64QAM": 0.0,
	"MetCos":0.0,
	"MetPC":0.0,
	"LPGrooming": 0.0,
	"STP": 0.004393446692567246,
	"TSTP": 435.3685999999513,
	"STmax": 0.0,
	"TSTmax": 0.0,
	"JFI_BR": 0.09661459,
	"JFI_BBR": 0.1038506,
	"Time(ms)": 0.12987
}

