{
	"Load": 90.0,
	"TDR": 2498972186,
	"TDT": 2496567442,
	"BR": 0.102,
	"BRInnerGroup0-0": 0.5872234,
	"BRInnerGroup1-1": 0.008384338,
	"BRInnerGroup2-2": 0.0,
	"BRInnerCluster1": 0.0,
	"BRInnerCluster2": 2.7034407,
	"BRInnerCluster3": 0.0,
	"BRInnerCluster4": 0.0,
	"BRInnerCluster5": 2.7034407,
	"BRInnerCluster6": 0.0,
	"BRCrossGroup0-1": 0.0058036624,
	"BRCrossGroup0-2": 0.0,
	"BRCrossGroup1-0": 0.0,
	"BRCrossGroup1-2": 0.0,
	"BRCrossGroup2-0": 0.0,
	"BRCrossGroup2-1": 0.0,
	"BRCrossCluster1-2": 0.0,
	"BRCrossCluster1-3": 0.0,
	"BRCrossCluster1-4": 0.0,
	"BRCrossCluster1-5": 0.0,
	"BRCrossCluster1-6": 0.0,
	"BRCrossCluster2-1": 0.0,
	"BRCrossCluster2-3": 0.021860313,
	"BRCrossCluster2-4": 0.0,
	"BRCrossCluster2-5": 0.0,
	"BRCrossCluster2-6": 0.0,
	"BRCrossCluster3-1": 0.0,
	"BRCrossCluster3-2": 0.0,
	"BRCrossCluster3-4": 0.0,
	"BRCrossCluster3-5": 0.0,
	"BRCrossCluster3-6": 0.0,
	"BRCrossCluster4-1": 0.0,
	"BRCrossCluster4-2": 0.0,
	"BRCrossCluster4-3": 0.0296472,
	"BRCrossCluster4-5": 0.0,
	"BRCrossCluster4-6": 0.0,
	"BRCrossCluster5-1": 0.0,
	"BRCrossCluster5-2": 0.0,
	"BRCrossCluster5-3": 0.0,
	"BRCrossCluster5-4": 0.0,
	"BRCrossCluster5-6": 0.0,
	"BRCrossCluster6-1": 0.0,
	"BRCrossCluster6-2": 0.0,
	"BRCrossCluster6-3": 0.0,
	"BRCrossCluster6-4": 0.0,
	"BRCrossCluster6-5": 0.0,
	"BBR": 0.10081809,
	"BBRinnerGroup0-0": 0.55020225,
	"BBRinnerGroup1-1": 0.025106704,
	"BBRinnerGroup2-2": 0.0,
	"BBRinnerCluster1": 0.0,
	"BBRinnerCluster2": 2.535636,
	"BBRinnerCluster3": 0.0,
	"BBRinnerCluster4": 0.0,
	"BBRinnerCluster5": 0.0,
	"BBRinnerCluster6": 0.0,
	"BBRcrossGroup0-1": 0.0145534985,
	"BBRcrossGroup0-2": 0.0,
	"BBRcrossGroup1-0": 0.0,
	"BBRcrossGroup1-2": 0.0,
	"BBRcrossGroup2-0": 0.0,
	"BBRcrossGroup2-1": 0.0,
	"BBRcrossCluster1-2": 0.0,
	"BBRcrossCluster1-3": 0.0,
	"BBRcrossCluster1-4": 0.0,
	"BBRcrossCluster1-5": 0.0,
	"BBRcrossCluster1-6": 0.0,
	"BBRcrossCluster2-1": 0.0,
	"BBRcrossCluster2-3": 0.054884743,
	"BBRcrossCluster2-4": 0.0,
	"BBRcrossCluster2-5": 0.0,
	"BBRcrossCluster2-6": 0.0,
	"BBRcrossCluster3-1": 0.0,
	"BBRcrossCluster3-2": 0.0,
	"BBRcrossCluster3-4": 0.0,
	"BBRcrossCluster3-5": 0.0,
	"BBRcrossCluster3-6": 0.0,
	"BBRcrossCluster4-1": 0.0,
	"BBRcrossCluster4-2": 0.0,
	"BBRcrossCluster4-3": 0.09010361,
	"BBRcrossCluster4-5": 0.0,
	"BBRcrossCluster4-6": 0.0,
	"BBRcrossCluster5-1": 0.0,
	"BBRcrossCluster5-2": 0.0,
	"BBRcrossCluster5-3": 0.0,
	"BBRcrossCluster5-4": 0.0,
	"BBRcrossCluster5-6": 0.0,
	"BBRcrossCluster6-1": 0.0,
	"BBRcrossCluster6-2": 0.0,
	"BBRcrossCluster6-3": 0.0,
	"BBRcrossCluster5-4": 0.0,
	"BBRcrossCluster6-5": 0.0,
	"LP": 99898,
	"TR": 1.0,
	"VH": 1.0,
	"PH": 3.601223247712667,
	"OXCAST": 2.079968926279152,
	"Spec": 85.85833333333333,
	"Frag": 16.797085205271443,
	"PC": 1844270.3617677104,
	"TP": 1.84240060686586E11,
	"EE": 0.013550622121466594,
	"EEE": 0.013536960643041532,
	"BPSK": 100.0,
	"QPSK": 0.0,
	"8QAM": 0.0,
	"16QAM": 0.0,
	"32QAM": 0.0,
	"64QAM": 0.0,
	"MetCos":0.0,
	"MetPC":0.0,
	"LPGrooming": 0.0,
	"STP": 0.004413492362208963,
	"TSTP": 440.899059999951,
	"STmax": 0.0,
	"TSTmax": 0.0,
	"JFI_BR": 1.0,
	"JFI_BBR": 1.0,
	"Time(ms)": 0.21235
}

