{
	"Load": 150.0,
	"TDR": 2498972186,
	"TDT": 2477876567,
	"BR": 0.42,
	"BRInnerGroup0-0": 0.83041704,
	"BRInnerGroup1-1": 0.4611386,
	"BRInnerGroup2-2": 0.0,
	"BRInnerCluster1": 0.027800946,
	"BRInnerCluster2": 2.9765155,
	"BRInnerCluster3": 0.030693676,
	"BRInnerCluster4": 0.027800946,
	"BRInnerCluster5": 2.9765155,
	"BRInnerCluster6": 0.030693676,
	"BRCrossGroup0-1": 0.5455442,
	"BRCrossGroup0-2": 0.0857633,
	"BRCrossGroup1-0": 0.10861694,
	"BRCrossGroup1-2": 0.055803575,
	"BRCrossGroup2-0": 0.06500542,
	"BRCrossGroup2-1": 0.142716,
	"BRCrossCluster1-2": 0.27247956,
	"BRCrossCluster1-3": 0.35714287,
	"BRCrossCluster1-4": 0.36729696,
	"BRCrossCluster1-5": 0.2,
	"BRCrossCluster1-6": 0.08695652,
	"BRCrossCluster2-1": 0.2682927,
	"BRCrossCluster2-3": 1.322549,
	"BRCrossCluster2-4": 0.02689618,
	"BRCrossCluster2-5": 0.20661156,
	"BRCrossCluster2-6": 0.09451796,
	"BRCrossCluster3-1": 0.027352298,
	"BRCrossCluster3-2": 0.18812147,
	"BRCrossCluster3-4": 0.39298669,
	"BRCrossCluster3-5": 0.07680491,
	"BRCrossCluster3-6": 0.0,
	"BRCrossCluster4-1": 0.23616734,
	"BRCrossCluster4-2": 0.0,
	"BRCrossCluster4-3": 1.1858879,
	"BRCrossCluster4-5": 0.0,
	"BRCrossCluster4-6": 0.12210013,
	"BRCrossCluster5-1": 0.0,
	"BRCrossCluster5-2": 0.34530386,
	"BRCrossCluster5-3": 0.17502917,
	"BRCrossCluster5-4": 0.25417575,
	"BRCrossCluster5-6": 0.0,
	"BRCrossCluster6-1": 0.0,
	"BRCrossCluster6-2": 0.17196906,
	"BRCrossCluster6-3": 0.0,
	"BRCrossCluster6-4": 0.31413612,
	"BRCrossCluster6-5": 0.0,
	"BBR": 0.8220937,
	"BBRinnerGroup0-0": 1.0944563,
	"BBRinnerGroup1-1": 1.1214328,
	"BBRinnerGroup2-2": 0.0,
	"BBRinnerCluster1": 0.054929964,
	"BBRinnerCluster2": 3.1524122,
	"BBRinnerCluster3": 0.060688816,
	"BBRinnerCluster4": 0.14641288,
	"BBRinnerCluster5": 0.0,
	"BBRinnerCluster6": 0.0,
	"BBRcrossGroup0-1": 1.1802888,
	"BBRcrossGroup0-2": 0.1951008,
	"BBRcrossGroup1-0": 0.28448465,
	"BBRcrossGroup1-2": 0.16825575,
	"BBRcrossGroup2-0": 0.19311233,
	"BBRcrossGroup2-1": 0.36583337,
	"BBRcrossCluster1-2": 0.55942315,
	"BBRcrossCluster1-3": 0.83626026,
	"BBRcrossCluster1-4": 0.8116101,
	"BBRcrossCluster1-5": 0.4721754,
	"BBRcrossCluster1-6": 0.26726058,
	"BBRcrossCluster2-1": 0.61394894,
	"BBRcrossCluster2-3": 2.7387488,
	"BBRcrossCluster2-4": 0.080607235,
	"BBRcrossCluster2-5": 0.5509642,
	"BBRcrossCluster2-6": 0.19333011,
	"BBRcrossCluster3-1": 0.08367033,
	"BBRcrossCluster3-2": 0.47637954,
	"BBRcrossCluster3-4": 0.96183205,
	"BBRcrossCluster3-5": 0.23538643,
	"BBRcrossCluster3-6": 0.0,
	"BBRcrossCluster4-1": 0.61696655,
	"BBRcrossCluster4-2": 0.0,
	"BBRcrossCluster4-3": 2.9283674,
	"BBRcrossCluster4-5": 0.0,
	"BBRcrossCluster4-6": 0.37878788,
	"BBRcrossCluster5-1": 0.0,
	"BBRcrossCluster5-2": 0.7898352,
	"BBRcrossCluster5-3": 0.41567698,
	"BBRcrossCluster5-4": 0.6910347,
	"BBRcrossCluster5-6": 0.0,
	"BBRcrossCluster6-1": 0.0,
	"BBRcrossCluster6-2": 0.5029338,
	"BBRcrossCluster6-3": 0.0,
	"BBRcrossCluster5-4": 0.84858125,
	"BBRcrossCluster6-5": 0.0,
	"LP": 99580,
	"TR": 1.0,
	"VH": 1.0,
	"PH": 3.601626832697329,
	"OXCAST": 0.193851180263588,
	"Spec": 76.575,
	"Frag": 29.72070554521296,
	"PC": 1844430.0912190217,
	"TP": 1.8366951074755923E11,
	"EE": 0.013490952074270325,
	"EEE": 0.013380043803797407,
	"BPSK": 100.0,
	"QPSK": 0.0,
	"8QAM": 0.0,
	"16QAM": 0.0,
	"32QAM": 0.0,
	"64QAM": 0.0,
	"MetCos":0.0,
	"MetPC":0.0,
	"LPGrooming": 0.0,
	"STP": 0.004413984735890258,
	"TSTP": 439.54459999995186,
	"STmax": 0.0,
	"TSTmax": 0.0,
	"JFI_BR": 0.03685509,
	"JFI_BBR": 0.039445147,
	"Time(ms)": 0.143
}

