{
	"Load": 270.0,
	"TDR": 2502554587,
	"TDT": 2253225992,
	"BR": 5.138,
	"BRInnerGroup0-0": 4.8675942,
	"BRInnerGroup1-1": 6.092949,
	"BRInnerGroup2-2": 3.4516766,
	"BRInnerCluster1": 2.6265907,
	"BRInnerCluster2": 5.3474483,
	"BRInnerCluster3": 1.841949,
	"BRInnerCluster4": 2.6265907,
	"BRInnerCluster5": 5.3474483,
	"BRInnerCluster6": 1.841949,
	"BRCrossGroup0-1": 6.9705477,
	"BRCrossGroup0-2": 3.6643538,
	"BRCrossGroup1-0": 3.2208476,
	"BRCrossGroup1-2": 1.3828633,
	"BRCrossGroup2-0": 3.3909428,
	"BRCrossGroup2-1": 3.6361616,
	"BRCrossCluster1-2": 5.445052,
	"BRCrossCluster1-3": 5.060969,
	"BRCrossCluster1-4": 6.9911747,
	"BRCrossCluster1-5": 3.825503,
	"BRCrossCluster1-6": 2.1998167,
	"BRCrossCluster2-1": 6.0679026,
	"BRCrossCluster2-3": 14.147202,
	"BRCrossCluster2-4": 1.260846,
	"BRCrossCluster2-5": 5.7416267,
	"BRCrossCluster2-6": 2.7703307,
	"BRCrossCluster3-1": 1.4147018,
	"BRCrossCluster3-2": 6.356164,
	"BRCrossCluster3-4": 8.243947,
	"BRCrossCluster3-5": 2.2607384,
	"BRCrossCluster3-6": 0.28571427,
	"BRCrossCluster4-1": 4.1497974,
	"BRCrossCluster4-2": 0.63380283,
	"BRCrossCluster4-3": 11.746617,
	"BRCrossCluster4-5": 1.98915,
	"BRCrossCluster4-6": 1.4869888,
	"BRCrossCluster5-1": 4.0650406,
	"BRCrossCluster5-2": 3.757829,
	"BRCrossCluster5-3": 5.950653,
	"BRCrossCluster5-4": 3.1594977,
	"BRCrossCluster5-6": 5.3475933,
	"BRCrossCluster6-1": 2.3360288,
	"BRCrossCluster6-2": 3.211009,
	"BRCrossCluster6-3": 1.2365377,
	"BRCrossCluster6-4": 3.1408305,
	"BRCrossCluster6-5": 3.5885167,
	"BBR": 10.112112,
	"BBRinnerGroup0-0": 9.005384,
	"BBRinnerGroup1-1": 12.135861,
	"BBRinnerGroup2-2": 7.6583214,
	"BBRinnerCluster1": 5.515421,
	"BBRinnerCluster2": 8.862629,
	"BBRinnerCluster3": 4.698994,
	"BBRinnerCluster4": 1.5453639,
	"BBRinnerCluster5": 7.5358853,
	"BBRinnerCluster6": 0.0,
	"BBRcrossGroup0-1": 13.426132,
	"BBRcrossGroup0-2": 7.3898525,
	"BBRcrossGroup1-0": 6.9939055,
	"BBRcrossGroup1-2": 3.3523343,
	"BBRcrossGroup2-0": 6.96342,
	"BBRcrossGroup2-1": 7.553539,
	"BBRcrossCluster1-2": 9.6280365,
	"BBRcrossCluster1-3": 10.307578,
	"BBRcrossCluster1-4": 14.492753,
	"BBRcrossCluster1-5": 8.407687,
	"BBRcrossCluster1-6": 4.208145,
	"BBRcrossCluster2-1": 11.750628,
	"BBRcrossCluster2-3": 25.30776,
	"BBRcrossCluster2-4": 3.079636,
	"BBRcrossCluster2-5": 10.714286,
	"BBRcrossCluster2-6": 5.4907045,
	"BBRcrossCluster3-1": 3.4257069,
	"BBRcrossCluster3-2": 13.045875,
	"BBRcrossCluster3-4": 17.048977,
	"BBRcrossCluster3-5": 5.91716,
	"BBRcrossCluster3-6": 0.6610009,
	"BBRcrossCluster4-1": 9.126918,
	"BBRcrossCluster4-2": 1.6912559,
	"BBRcrossCluster4-3": 21.477238,
	"BBRcrossCluster4-5": 4.2806706,
	"BBRcrossCluster4-6": 3.1288345,
	"BBRcrossCluster5-1": 9.032258,
	"BBRcrossCluster5-2": 8.336265,
	"BBRcrossCluster5-3": 11.819086,
	"BBRcrossCluster5-4": 6.887367,
	"BBRcrossCluster5-6": 11.984021,
	"BBRcrossCluster6-1": 3.9945529,
	"BBRcrossCluster6-2": 6.107226,
	"BBRcrossCluster6-3": 2.8345819,
	"BBRcrossCluster5-4": 6.324701,
	"BBRcrossCluster6-5": 8.118081,
	"LP": 94862,
	"TR": 1.0,
	"VH": 1.0,
	"PH": 3.546203959435812,
	"OXCAST": 0.027869217988146122,
	"Spec": 61.833333333333336,
	"Frag": 45.246182766459874,
	"PC": 1822195.0743572565,
	"TP": 1.7285764839359854E11,
	"EE": 0.013035153566762533,
	"EEE": 0.01171702423281614,
	"BPSK": 100.0,
	"QPSK": 0.0,
	"8QAM": 0.0,
	"16QAM": 0.0,
	"32QAM": 0.0,
	"64QAM": 0.0,
	"MetCos":0.0,
	"MetPC":0.0,
	"LPGrooming": 0.0,
	"STP": 0.00434636883051129,
	"TSTP": 412.305239999962,
	"STmax": 0.0,
	"TSTmax": 0.0,
	"JFI_BR": 0.2544504,
	"JFI_BBR": 0.2906772,
	"Time(ms)": 0.22162
}

