{
	"Load": 270.0,
	"TDR": 2504070571,
	"TDT": 2249633609,
	"BR": 5.164,
	"BRInnerGroup0-0": 5.1256223,
	"BRInnerGroup1-1": 5.3700285,
	"BRInnerGroup2-2": 8.349706,
	"BRInnerCluster1": 3.7138176,
	"BRInnerCluster2": 1.4535667,
	"BRInnerCluster3": 1.2286485,
	"BRInnerCluster4": 3.7138176,
	"BRInnerCluster5": 1.4535667,
	"BRInnerCluster6": 1.2286485,
	"BRCrossGroup0-1": 6.672837,
	"BRCrossGroup0-2": 4.5542426,
	"BRCrossGroup1-0": 2.857976,
	"BRCrossGroup1-2": 1.8171806,
	"BRCrossGroup2-0": 4.5254836,
	"BRCrossGroup2-1": 4.3156734,
	"BRCrossCluster1-2": 7.6826515,
	"BRCrossCluster1-3": 4.1375546,
	"BRCrossCluster1-4": 8.991346,
	"BRCrossCluster1-5": 5.786736,
	"BRCrossCluster1-6": 2.6951673,
	"BRCrossCluster2-1": 7.3676324,
	"BRCrossCluster2-3": 12.653914,
	"BRCrossCluster2-4": 1.0001351,
	"BRCrossCluster2-5": 6.1141305,
	"BRCrossCluster2-6": 3.835861,
	"BRCrossCluster3-1": 1.2449256,
	"BRCrossCluster3-2": 5.71663,
	"BRCrossCluster3-4": 8.604147,
	"BRCrossCluster3-5": 2.9861617,
	"BRCrossCluster3-6": 0.30150753,
	"BRCrossCluster4-1": 4.353933,
	"BRCrossCluster4-2": 0.20526858,
	"BRCrossCluster4-3": 9.4032545,
	"BRCrossCluster4-5": 2.0057306,
	"BRCrossCluster4-6": 0.9864365,
	"BRCrossCluster5-1": 4.2857146,
	"BRCrossCluster5-2": 4.677207,
	"BRCrossCluster5-3": 6.4574533,
	"BRCrossCluster5-4": 3.4172661,
	"BRCrossCluster5-6": 10.362695,
	"BRCrossCluster6-1": 5.4158607,
	"BRCrossCluster6-2": 3.6934443,
	"BRCrossCluster6-3": 2.857143,
	"BRCrossCluster6-4": 2.4463305,
	"BRCrossCluster6-5": 10.204082,
	"BBR": 9.9861355,
	"BBRinnerGroup0-0": 9.129032,
	"BBRinnerGroup1-1": 10.369069,
	"BBRinnerGroup2-2": 17.436663,
	"BBRinnerCluster1": 6.1010103,
	"BBRinnerCluster2": 3.5298836,
	"BBRinnerCluster3": 2.8942263,
	"BBRinnerCluster4": 1.2627488,
	"BBRinnerCluster5": 5.11222,
	"BBRinnerCluster6": 0.0,
	"BBRcrossGroup0-1": 12.634143,
	"BBRcrossGroup0-2": 8.86185,
	"BBRcrossGroup1-0": 6.1177588,
	"BBRcrossGroup1-2": 4.066751,
	"BBRcrossGroup2-0": 9.072738,
	"BBRcrossGroup2-1": 9.268483,
	"BBRcrossCluster1-2": 13.441803,
	"BBRcrossCluster1-3": 8.5625105,
	"BBRcrossCluster1-4": 17.12938,
	"BBRcrossCluster1-5": 11.627908,
	"BBRcrossCluster1-6": 4.489603,
	"BBRcrossCluster2-1": 13.378713,
	"BBRcrossCluster2-3": 22.786472,
	"BBRcrossCluster2-4": 2.4175823,
	"BBRcrossCluster2-5": 10.877668,
	"BBRcrossCluster2-6": 7.7156477,
	"BBRcrossCluster3-1": 2.8721683,
	"BBRcrossCluster3-2": 11.806504,
	"BBRcrossCluster3-4": 16.43437,
	"BBRcrossCluster3-5": 6.7318544,
	"BBRcrossCluster3-6": 0.7885658,
	"BBRcrossCluster4-1": 9.443567,
	"BBRcrossCluster4-2": 0.4823428,
	"BBRcrossCluster4-3": 17.700062,
	"BBRcrossCluster4-5": 4.7642684,
	"BBRcrossCluster4-6": 2.0573566,
	"BBRcrossCluster5-1": 8.3818,
	"BBRcrossCluster5-2": 8.94877,
	"BBRcrossCluster5-3": 12.948421,
	"BBRcrossCluster5-4": 7.621456,
	"BBRcrossCluster5-6": 22.860792,
	"BBRcrossCluster6-1": 9.980139,
	"BBRcrossCluster6-2": 7.738928,
	"BBRcrossCluster6-3": 6.8136272,
	"BBRcrossCluster5-4": 5.368957,
	"BBRcrossCluster6-5": 19.97677,
	"LP": 94836,
	"TR": 1.0,
	"VH": 1.0,
	"PH": 3.486671728035767,
	"OXCAST": 0.02346052013891332,
	"Spec": 62.74166666666667,
	"Frag": 43.876664239379586,
	"PC": 1798353.3311882871,
	"TP": 1.7054819146732742E11,
	"EE": 0.013190603721124601,
	"EEE": 0.011873372162535412,
	"BPSK": 100.0,
	"QPSK": 0.0,
	"8QAM": 0.0,
	"16QAM": 0.0,
	"32QAM": 0.0,
	"64QAM": 0.0,
	"MetCos":0.0,
	"MetPC":0.0,
	"LPGrooming": 0.0,
	"STP": 0.004273739508203221,
	"TSTP": 405.3043599999607,
	"STmax": 0.0,
	"TSTmax": 0.0,
	"JFI_BR": 0.22088213,
	"JFI_BBR": 0.2711631,
	"Time(ms)": 0.1107
}

