{
	"Load": 150.0,
	"TDR": 2498972186,
	"TDT": 2481480314,
	"BR": 0.321,
	"BRInnerGroup0-0": 0.40927693,
	"BRInnerGroup1-1": 0.15091808,
	"BRInnerGroup2-2": 0.10298662,
	"BRInnerCluster1": 0.25020853,
	"BRInnerCluster2": 0.0,
	"BRInnerCluster3": 0.0,
	"BRInnerCluster4": 0.25020853,
	"BRInnerCluster5": 0.0,
	"BRInnerCluster6": 0.0,
	"BRCrossGroup0-1": 0.43527466,
	"BRCrossGroup0-2": 0.3430532,
	"BRCrossGroup1-0": 0.15930486,
	"BRCrossGroup1-2": 0.2232143,
	"BRCrossGroup2-0": 0.3900325,
	"BRCrossGroup2-1": 0.20858492,
	"BRCrossCluster1-2": 0.8422095,
	"BRCrossCluster1-3": 0.15625,
	"BRCrossCluster1-4": 0.84342265,
	"BRCrossCluster1-5": 0.5333333,
	"BRCrossCluster1-6": 0.3478261,
	"BRCrossCluster2-1": 0.4146341,
	"BRCrossCluster2-3": 0.7979014,
	"BRCrossCluster2-4": 0.01344809,
	"BRCrossCluster2-5": 0.6198347,
	"BRCrossCluster2-6": 0.09451796,
	"BRCrossCluster3-1": 0.10940919,
	"BRCrossCluster3-2": 0.26874495,
	"BRCrossCluster3-4": 0.2720677,
	"BRCrossCluster3-5": 0.30721965,
	"BRCrossCluster3-6": 0.0,
	"BRCrossCluster4-1": 0.26990554,
	"BRCrossCluster4-2": 0.0,
	"BRCrossCluster4-3": 0.26682478,
	"BRCrossCluster4-5": 0.36730945,
	"BRCrossCluster4-6": 0.0,
	"BRCrossCluster5-1": 0.42046252,
	"BRCrossCluster5-2": 0.41436464,
	"BRCrossCluster5-3": 0.4084014,
	"BRCrossCluster5-4": 0.03631082,
	"BRCrossCluster5-6": 0.243309,
	"BRCrossCluster6-1": 0.53667265,
	"BRCrossCluster6-2": 0.25795355,
	"BRCrossCluster6-3": 0.077459335,
	"BRCrossCluster6-4": 0.10471204,
	"BRCrossCluster6-5": 0.0,
	"BBR": 0.75638646,
	"BBRinnerGroup0-0": 0.93980485,
	"BBRinnerGroup1-1": 0.43518287,
	"BBRinnerGroup2-2": 0.30045068,
	"BBRinnerCluster1": 0.57676464,
	"BBRinnerCluster2": 0.0,
	"BBRinnerCluster3": 0.0,
	"BBRinnerCluster4": 0.0,
	"BBRinnerCluster5": 0.0,
	"BBRinnerCluster6": 0.0,
	"BBRcrossGroup0-1": 0.97799516,
	"BBRcrossGroup0-2": 0.8020811,
	"BBRcrossGroup1-0": 0.3902546,
	"BBRcrossGroup1-2": 0.61693776,
	"BBRcrossGroup2-0": 0.9870185,
	"BBRcrossGroup2-1": 0.5154925,
	"BBRcrossCluster1-2": 1.8398807,
	"BBRcrossCluster1-3": 0.40140492,
	"BBRcrossCluster1-4": 1.7539032,
	"BBRcrossCluster1-5": 1.4165262,
	"BBRcrossCluster1-6": 0.7126949,
	"BBRcrossCluster2-1": 1.0068762,
	"BBRcrossCluster2-3": 1.8605927,
	"BBRcrossCluster2-4": 0.040303618,
	"BBRcrossCluster2-5": 1.5151515,
	"BBRcrossCluster2-6": 0.096665055,
	"BBRcrossCluster3-1": 0.33468133,
	"BBRcrossCluster3-2": 0.66163826,
	"BBRcrossCluster3-4": 0.79389316,
	"BBRcrossCluster3-5": 0.9415457,
	"BBRcrossCluster3-6": 0.0,
	"BBRcrossCluster4-1": 0.56555265,
	"BBRcrossCluster4-2": 0.0,
	"BBRcrossCluster4-3": 0.78089803,
	"BBRcrossCluster4-5": 0.9254974,
	"BBRcrossCluster4-6": 0.0,
	"BBRcrossCluster5-1": 1.294033,
	"BBRcrossCluster5-2": 1.0302198,
	"BBRcrossCluster5-3": 0.9946556,
	"BBRcrossCluster5-4": 0.109110735,
	"BBRcrossCluster5-6": 0.70422536,
	"BBRcrossCluster6-1": 1.2494422,
	"BBRcrossCluster6-2": 0.5029338,
	"BBRcrossCluster6-3": 0.19364834,
	"BBRcrossCluster5-4": 0.26518166,
	"BBRcrossCluster6-5": 0.0,
	"LP": 99679,
	"TR": 1.0,
	"VH": 1.0,
	"PH": 3.5415283058618163,
	"OXCAST": 0.19017068066759482,
	"Spec": 76.95833333333333,
	"Frag": 28.950204215919385,
	"PC": 1820362.761975815,
	"TP": 1.814532063509284E11,
	"EE": 0.013675593635974918,
	"EEE": 0.013572153297541804,
	"BPSK": 100.0,
	"QPSK": 0.0,
	"8QAM": 0.0,
	"16QAM": 0.0,
	"32QAM": 0.0,
	"64QAM": 0.0,
	"MetCos":0.0,
	"MetPC":0.0,
	"LPGrooming": 0.0,
	"STP": 0.004340664533150771,
	"TSTP": 432.6730999999357,
	"STmax": 0.0,
	"TSTmax": 0.0,
	"JFI_BR": 0.061754324,
	"JFI_BBR": 0.06797182,
	"Time(ms)": 0.27342
}

