{
	"Load": 90.0,
	"TDR": 2502554587,
	"TDT": 2502435607,
	"BR": 9.999999E-4,
	"BRInnerGroup0-0": 0.0,
	"BRInnerGroup1-1": 0.0,
	"BRInnerGroup2-2": 0.0,
	"BRInnerCluster1": 0.0,
	"BRInnerCluster2": 0.0,
	"BRInnerCluster3": 0.0,
	"BRInnerCluster4": 0.0,
	"BRInnerCluster5": 0.0,
	"BRInnerCluster6": 0.0,
	"BRCrossGroup0-1": 0.0,
	"BRCrossGroup0-2": 0.0,
	"BRCrossGroup1-0": 0.0,
	"BRCrossGroup1-2": 0.0,
	"BRCrossGroup2-0": 0.02187705,
	"BRCrossGroup2-1": 0.0,
	"BRCrossCluster1-2": 0.0,
	"BRCrossCluster1-3": 0.0,
	"BRCrossCluster1-4": 0.0,
	"BRCrossCluster1-5": 0.0,
	"BRCrossCluster1-6": 0.0,
	"BRCrossCluster2-1": 0.0,
	"BRCrossCluster2-3": 0.0,
	"BRCrossCluster2-4": 0.0,
	"BRCrossCluster2-5": 0.0,
	"BRCrossCluster2-6": 0.0,
	"BRCrossCluster3-1": 0.0,
	"BRCrossCluster3-2": 0.0,
	"BRCrossCluster3-4": 0.0,
	"BRCrossCluster3-5": 0.0,
	"BRCrossCluster3-6": 0.0,
	"BRCrossCluster4-1": 0.0,
	"BRCrossCluster4-2": 0.0,
	"BRCrossCluster4-3": 0.0,
	"BRCrossCluster4-5": 0.0,
	"BRCrossCluster4-6": 0.0,
	"BRCrossCluster5-1": 0.06775068,
	"BRCrossCluster5-2": 0.0,
	"BRCrossCluster5-3": 0.0,
	"BRCrossCluster5-4": 0.0,
	"BRCrossCluster5-6": 0.0,
	"BRCrossCluster6-1": 0.0,
	"BRCrossCluster6-2": 0.0,
	"BRCrossCluster6-3": 0.0,
	"BRCrossCluster6-4": 0.0,
	"BRCrossCluster6-5": 0.0,
	"BBR": 0.0020028942,
	"BBRinnerGroup0-0": 0.0,
	"BBRinnerGroup1-1": 0.0,
	"BBRinnerGroup2-2": 0.0,
	"BBRinnerCluster1": 0.0,
	"BBRinnerCluster2": 0.0,
	"BBRinnerCluster3": 0.0,
	"BBRinnerCluster4": 0.0,
	"BBRinnerCluster5": 0.0,
	"BBRinnerCluster6": 0.0,
	"BBRcrossGroup0-1": 0.0,
	"BBRcrossGroup0-2": 0.0,
	"BBRcrossGroup1-0": 0.0,
	"BBRcrossGroup1-2": 0.0,
	"BBRcrossGroup2-0": 0.044072278,
	"BBRcrossGroup2-1": 0.0,
	"BBRcrossCluster1-2": 0.0,
	"BBRcrossCluster1-3": 0.0,
	"BBRcrossCluster1-4": 0.0,
	"BBRcrossCluster1-5": 0.0,
	"BBRcrossCluster1-6": 0.0,
	"BBRcrossCluster2-1": 0.0,
	"BBRcrossCluster2-3": 0.0,
	"BBRcrossCluster2-4": 0.0,
	"BBRcrossCluster2-5": 0.0,
	"BBRcrossCluster2-6": 0.0,
	"BBRcrossCluster3-1": 0.0,
	"BBRcrossCluster3-2": 0.0,
	"BBRcrossCluster3-4": 0.0,
	"BBRcrossCluster3-5": 0.0,
	"BBRcrossCluster3-6": 0.0,
	"BBRcrossCluster4-1": 0.0,
	"BBRcrossCluster4-2": 0.0,
	"BBRcrossCluster4-3": 0.0,
	"BBRcrossCluster4-5": 0.0,
	"BBRcrossCluster4-6": 0.0,
	"BBRcrossCluster5-1": 0.13582343,
	"BBRcrossCluster5-2": 0.0,
	"BBRcrossCluster5-3": 0.0,
	"BBRcrossCluster5-4": 0.0,
	"BBRcrossCluster5-6": 0.0,
	"BBRcrossCluster6-1": 0.0,
	"BBRcrossCluster6-2": 0.0,
	"BBRcrossCluster6-3": 0.0,
	"BBRcrossCluster5-4": 0.0,
	"BBRcrossCluster6-5": 0.0,
	"LP": 99999,
	"TR": 1.0,
	"VH": 1.0,
	"PH": 3.5238052380523803,
	"OXCAST": 2.0872232238092003,
	"Spec": 86.19166666666666,
	"Frag": 16.5205139376069,
	"PC": 1813261.4216953241,
	"TP": 1.8132456185909183E11,
	"EE": 0.013800863938911126,
	"EEE": 0.013800587522210517,
	"BPSK": 100.0,
	"QPSK": 0.0,
	"8QAM": 0.0,
	"16QAM": 0.0,
	"32QAM": 0.0,
	"64QAM": 0.0,
	"MetCos":0.0,
	"MetPC":0.0,
	"LPGrooming": 0.0,
	"STP": 0.004319042390423224,
	"TSTP": 431.89991999993197,
	"STmax": 0.0,
	"TSTmax": 0.0,
	"JFI_BR": 1.0,
	"JFI_BBR": 1.0,
	"Time(ms)": 0.18905
}

