{
	"Load": 180.0,
	"TDR": 2504070571,
	"TDT": 2447668882,
	"BR": 0.935,
	"BRInnerGroup0-0": 0.97179425,
	"BRInnerGroup1-1": 0.5286122,
	"BRInnerGroup2-2": 2.5540276,
	"BRInnerCluster1": 0.40961224,
	"BRInnerCluster2": 0.1615074,
	"BRInnerCluster3": 0.0,
	"BRInnerCluster4": 0.40961224,
	"BRInnerCluster5": 0.1615074,
	"BRInnerCluster6": 0.0,
	"BRCrossGroup0-1": 1.3739045,
	"BRCrossGroup0-2": 0.7518797,
	"BRCrossGroup1-0": 0.357247,
	"BRCrossGroup1-2": 0.33039647,
	"BRCrossGroup2-0": 0.83479786,
	"BRCrossGroup2-1": 0.8057395,
	"BRCrossCluster1-2": 1.5315089,
	"BRCrossCluster1-3": 0.5567686,
	"BRCrossCluster1-4": 2.2444565,
	"BRCrossCluster1-5": 1.2353706,
	"BRCrossCluster1-6": 0.7434944,
	"BRCrossCluster2-1": 1.5484515,
	"BRCrossCluster2-3": 2.726473,
	"BRCrossCluster2-4": 0.08109204,
	"BRCrossCluster2-5": 1.1548913,
	"BRCrossCluster2-6": 0.17841212,
	"BRCrossCluster3-1": 0.1623816,
	"BRCrossCluster3-2": 0.7111597,
	"BRCrossCluster3-4": 1.0213556,
	"BRCrossCluster3-5": 0.6554989,
	"BRCrossCluster3-6": 0.0,
	"BRCrossCluster4-1": 0.49157307,
	"BRCrossCluster4-2": 0.10263429,
	"BRCrossCluster4-3": 0.9041591,
	"BRCrossCluster4-5": 0.28653297,
	"BRCrossCluster4-6": 0.0,
	"BRCrossCluster5-1": 1.0204082,
	"BRCrossCluster5-2": 1.1198946,
	"BRCrossCluster5-3": 1.5389258,
	"BRCrossCluster5-4": 0.4316547,
	"BRCrossCluster5-6": 3.626943,
	"BRCrossCluster6-1": 0.96711797,
	"BRCrossCluster6-2": 0.1846722,
	"BRCrossCluster6-3": 0.44265595,
	"BRCrossCluster6-4": 0.14977533,
	"BRCrossCluster6-5": 2.7210884,
	"BBR": 2.112634,
	"BBRinnerGroup0-0": 2.105572,
	"BBRinnerGroup1-1": 1.1716461,
	"BBRinnerGroup2-2": 6.458023,
	"BBRinnerCluster1": 0.902357,
	"BBRinnerCluster2": 0.4546062,
	"BBRinnerCluster3": 0.0,
	"BBRinnerCluster4": 0.0,
	"BBRinnerCluster5": 1.3715711,
	"BBRinnerCluster6": 0.0,
	"BBRcrossGroup0-1": 2.9916182,
	"BBRcrossGroup0-2": 1.6259286,
	"BBRcrossGroup1-0": 0.9630819,
	"BBRcrossGroup1-2": 0.8413967,
	"BBRcrossGroup2-0": 2.0099945,
	"BBRcrossGroup2-1": 2.0372753,
	"BBRcrossCluster1-2": 2.991239,
	"BBRcrossCluster1-3": 1.3938969,
	"BBRcrossCluster1-4": 4.7169814,
	"BBRcrossCluster1-5": 2.8034406,
	"BBRcrossCluster1-6": 1.5122874,
	"BBRcrossCluster2-1": 3.5767329,
	"BBRcrossCluster2-3": 5.8936195,
	"BBRcrossCluster2-4": 0.2131202,
	"BBRcrossCluster2-5": 2.7109456,
	"BBRcrossCluster2-6": 0.260078,
	"BBRcrossCluster3-1": 0.43149945,
	"BBRcrossCluster3-2": 1.8857611,
	"BBRcrossCluster3-4": 2.174912,
	"BBRcrossCluster3-5": 1.6547574,
	"BBRcrossCluster3-6": 0.0,
	"BBRcrossCluster4-1": 1.3340355,
	"BBRcrossCluster4-2": 0.31007755,
	"BBRcrossCluster4-3": 2.1075137,
	"BBRcrossCluster4-5": 0.7940447,
	"BBRcrossCluster4-6": 0.0,
	"BBRcrossCluster5-1": 2.5316455,
	"BBRcrossCluster5-2": 2.6946106,
	"BBRcrossCluster5-3": 3.8491144,
	"BBRcrossCluster5-4": 1.11974,
	"BBRcrossCluster5-6": 9.4508295,
	"BBRcrossCluster6-1": 1.83714,
	"BBRcrossCluster6-2": 0.55944055,
	"BBRcrossCluster6-3": 1.1623247,
	"BBRcrossCluster5-4": 0.3562341,
	"BBRcrossCluster6-5": 6.5040646,
	"LP": 99065,
	"TR": 1.0,
	"VH": 1.0,
	"PH": 3.520516832382779,
	"OXCAST": 0.08366889173353145,
	"Spec": 72.975,
	"Frag": 33.741749341490156,
	"PC": 1811939.1997395104,
	"TP": 1.7949958115810687E11,
	"EE": 0.013636070157980166,
	"EEE": 0.01334798991125533,
	"BPSK": 100.0,
	"QPSK": 0.0,
	"8QAM": 0.0,
	"16QAM": 0.0,
	"32QAM": 0.0,
	"64QAM": 0.0,
	"MetCos":0.0,
	"MetPC":0.0,
	"LPGrooming": 0.0,
	"STP": 0.004315030535506416,
	"TSTP": 427.4684999999431,
	"STmax": 0.0,
	"TSTmax": 0.0,
	"JFI_BR": 0.096937,
	"JFI_BBR": 0.11179434,
	"Time(ms)": 0.10287
}

