{
	"Load": 300.0,
	"TDR": 2504070571,
	"TDT": 2159488870,
	"BR": 7.233,
	"BRInnerGroup0-0": 6.7907085,
	"BRInnerGroup1-1": 7.635509,
	"BRInnerGroup2-2": 11.9842825,
	"BRInnerCluster1": 4.6149645,
	"BRInnerCluster2": 2.2341857,
	"BRInnerCluster3": 1.7980222,
	"BRInnerCluster4": 4.6149645,
	"BRInnerCluster5": 2.2341857,
	"BRInnerCluster6": 1.7980222,
	"BRCrossGroup0-1": 9.374368,
	"BRCrossGroup0-2": 6.100967,
	"BRCrossGroup1-0": 4.3088365,
	"BRCrossGroup1-2": 2.4779735,
	"BRCrossGroup2-0": 6.436731,
	"BRCrossGroup2-1": 6.136865,
	"BRCrossCluster1-2": 10.394176,
	"BRCrossCluster1-3": 5.9934497,
	"BRCrossCluster1-4": 11.84424,
	"BRCrossCluster1-5": 7.7373214,
	"BRCrossCluster1-6": 4.8327136,
	"BRCrossCluster2-1": 9.6903105,
	"BRCrossCluster2-3": 17.524185,
	"BRCrossCluster2-4": 1.8786322,
	"BRCrossCluster2-5": 6.793478,
	"BRCrossCluster2-6": 4.371097,
	"BRCrossCluster3-1": 2.0027063,
	"BRCrossCluster3-2": 8.451859,
	"BRCrossCluster3-4": 12.78242,
	"BRCrossCluster3-5": 3.7873273,
	"BRCrossCluster3-6": 0.5025126,
	"BRCrossCluster4-1": 6.530899,
	"BRCrossCluster4-2": 0.44474852,
	"BRCrossCluster4-3": 12.869199,
	"BRCrossCluster4-5": 2.9608405,
	"BRCrossCluster4-6": 1.3563502,
	"BRCrossCluster5-1": 6.8027215,
	"BRCrossCluster5-2": 7.509881,
	"BRCrossCluster5-3": 9.263729,
	"BRCrossCluster5-4": 5.6115108,
	"BRCrossCluster5-6": 14.507772,
	"BRCrossCluster6-1": 6.0928435,
	"BRCrossCluster6-2": 4.9861493,
	"BRCrossCluster6-3": 4.1046276,
	"BRCrossCluster6-4": 3.6944582,
	"BRCrossCluster6-5": 14.965985,
	"BBR": 13.579509,
	"BBRinnerGroup0-0": 12.225807,
	"BBRinnerGroup1-1": 14.189473,
	"BBRinnerGroup2-2": 22.056631,
	"BBRinnerCluster1": 7.8518524,
	"BBRinnerCluster2": 5.1076345,
	"BBRinnerCluster3": 4.072803,
	"BBRinnerCluster4": 1.189898,
	"BBRinnerCluster5": 8.977556,
	"BBRinnerCluster6": 0.0,
	"BBRcrossGroup0-1": 16.948206,
	"BBRcrossGroup0-2": 11.9306555,
	"BBRcrossGroup1-0": 9.094558,
	"BBRcrossGroup1-2": 5.4690785,
	"BBRcrossGroup2-0": 12.137701,
	"BBRcrossGroup2-1": 12.93446,
	"BBRcrossCluster1-2": 17.772215,
	"BBRcrossCluster1-3": 11.780851,
	"BBRcrossCluster1-4": 21.442049,
	"BBRcrossCluster1-5": 14.686206,
	"BBRcrossCluster1-6": 8.412098,
	"BBRcrossCluster2-1": 17.871288,
	"BBRcrossCluster2-3": 29.719824,
	"BBRcrossCluster2-4": 4.5221443,
	"BBRcrossCluster2-5": 13.080313,
	"BBRcrossCluster2-6": 9.579541,
	"BBRcrossCluster3-1": 4.8274,
	"BBRcrossCluster3-2": 17.176825,
	"BBRcrossCluster3-4": 23.18885,
	"BBRcrossCluster3-5": 8.236178,
	"BBRcrossCluster3-6": 0.8871365,
	"BBRcrossCluster4-1": 13.48078,
	"BBRcrossCluster4-2": 1.136951,
	"BBRcrossCluster4-3": 23.74771,
	"BBRcrossCluster4-5": 7.19603,
	"BBRcrossCluster4-6": 3.2418952,
	"BBRcrossCluster5-1": 12.589805,
	"BBRcrossCluster5-2": 14.504326,
	"BBRcrossCluster5-3": 18.829868,
	"BBRcrossCluster5-4": 11.775331,
	"BBRcrossCluster5-6": 28.863346,
	"BBRcrossCluster6-1": 10.178748,
	"BBRcrossCluster6-2": 9.97669,
	"BBRcrossCluster6-3": 9.018036,
	"BBRcrossCluster5-4": 8.498728,
	"BBRcrossCluster6-5": 25.319397,
	"LP": 92767,
	"TR": 1.0,
	"VH": 1.0,
	"PH": 3.467946575829767,
	"OXCAST": 0.02122785930557562,
	"Spec": 60.13333333333333,
	"Frag": 46.025464587839195,
	"PC": 1790839.8926857656,
	"TP": 1.6613069628868674E11,
	"EE": 0.012998734840955808,
	"EEE": 0.01123357050175301,
	"BPSK": 100.0,
	"QPSK": 0.0,
	"8QAM": 0.0,
	"16QAM": 0.0,
	"32QAM": 0.0,
	"64QAM": 0.0,
	"MetCos":0.0,
	"MetPC":0.0,
	"LPGrooming": 0.0,
	"STP": 0.004250894822511927,
	"TSTP": 394.34275999996396,
	"STmax": 0.0,
	"TSTmax": 0.0,
	"JFI_BR": 0.27744976,
	"JFI_BBR": 0.33612633,
	"Time(ms)": 0.11091
}

