{
	"Load": 210.0,
	"TDR": 2518368159,
	"TDT": 2413279828,
	"BR": 2.032,
	"BRInnerGroup0-0": 1.9552907,
	"BRInnerGroup1-1": 1.8750519,
	"BRInnerGroup2-2": 3.6253777,
	"BRInnerCluster1": 1.1338496,
	"BRInnerCluster2": 0.5762898,
	"BRInnerCluster3": 0.11922504,
	"BRInnerCluster4": 1.1338496,
	"BRInnerCluster5": 0.5762898,
	"BRInnerCluster6": 0.11922504,
	"BRCrossGroup0-1": 2.679901,
	"BRCrossGroup0-2": 1.9569471,
	"BRCrossGroup1-0": 0.90316105,
	"BRCrossGroup1-2": 1.0226644,
	"BRCrossGroup2-0": 2.092229,
	"BRCrossGroup2-1": 1.9069664,
	"BRCrossCluster1-2": 3.1211295,
	"BRCrossCluster1-3": 1.2299169,
	"BRCrossCluster1-4": 4.4417276,
	"BRCrossCluster1-5": 1.4522822,
	"BRCrossCluster1-6": 1.7025089,
	"BRCrossCluster2-1": 2.855015,
	"BRCrossCluster2-3": 4.9238243,
	"BRCrossCluster2-4": 0.21941856,
	"BRCrossCluster2-5": 2.9512699,
	"BRCrossCluster2-6": 1.5192137,
	"BRCrossCluster3-1": 0.24951482,
	"BRCrossCluster3-2": 1.8922471,
	"BRCrossCluster3-4": 3.199517,
	"BRCrossCluster3-5": 1.8910742,
	"BRCrossCluster3-6": 0.0,
	"BRCrossCluster4-1": 1.4079785,
	"BRCrossCluster4-2": 0.03400204,
	"BRCrossCluster4-3": 3.4482758,
	"BRCrossCluster4-5": 1.0242085,
	"BRCrossCluster4-6": 0.3783102,
	"BRCrossCluster5-1": 2.2540982,
	"BRCrossCluster5-2": 2.8263795,
	"BRCrossCluster5-3": 2.9990911,
	"BRCrossCluster5-4": 1.6672843,
	"BRCrossCluster5-6": 5.039788,
	"BRCrossCluster6-1": 1.9626168,
	"BRCrossCluster6-2": 1.1864407,
	"BRCrossCluster6-3": 1.1253395,
	"BRCrossCluster6-4": 0.89418775,
	"BRCrossCluster6-5": 4.2606516,
	"BBR": 4.26629,
	"BBRinnerGroup0-0": 3.8676176,
	"BBRinnerGroup1-1": 4.0813775,
	"BBRinnerGroup2-2": 8.276939,
	"BBRinnerCluster1": 2.3262255,
	"BBRinnerCluster2": 1.422259,
	"BBRinnerCluster3": 0.32405362,
	"BBRinnerCluster4": 0.14767413,
	"BBRinnerCluster5": 1.1811024,
	"BBRinnerCluster6": 0.0,
	"BBRcrossGroup0-1": 5.4470067,
	"BBRcrossGroup0-2": 4.226859,
	"BBRcrossGroup1-0": 1.9107362,
	"BBRcrossGroup1-2": 2.4107873,
	"BBRcrossGroup2-0": 4.6504235,
	"BBRcrossGroup2-1": 4.519404,
	"BBRcrossCluster1-2": 5.372256,
	"BBRcrossCluster1-3": 2.7950485,
	"BBRcrossCluster1-4": 8.435993,
	"BBRcrossCluster1-5": 2.9866118,
	"BBRcrossCluster1-6": 3.2857761,
	"BBRcrossCluster2-1": 6.1622562,
	"BBRcrossCluster2-3": 10.145088,
	"BBRcrossCluster2-4": 0.56672513,
	"BBRcrossCluster2-5": 7.1331525,
	"BBRcrossCluster2-6": 2.5892859,
	"BBRcrossCluster3-1": 0.5662983,
	"BBRcrossCluster3-2": 3.805497,
	"BBRcrossCluster3-4": 7.058643,
	"BBRcrossCluster3-5": 4.55241,
	"BBRcrossCluster3-6": 0.0,
	"BBRcrossCluster4-1": 3.1776023,
	"BBRcrossCluster4-2": 0.101334244,
	"BBRcrossCluster4-3": 7.4197454,
	"BBRcrossCluster4-5": 2.3755138,
	"BBRcrossCluster4-6": 0.9714632,
	"BBRcrossCluster5-1": 5.421476,
	"BBRcrossCluster5-2": 6.203313,
	"BBRcrossCluster5-3": 7.162203,
	"BBRcrossCluster5-4": 3.5973835,
	"BBRcrossCluster5-6": 11.772666,
	"BBRcrossCluster6-1": 3.7323623,
	"BBRcrossCluster6-2": 2.4421594,
	"BBRcrossCluster6-3": 2.6376147,
	"BBRcrossCluster5-4": 2.122347,
	"BBRcrossCluster6-5": 9.2544985,
	"LP": 97968,
	"TR": 1.0,
	"VH": 1.0,
	"PH": 3.522201126898579,
	"OXCAST": 0.046911808156594535,
	"Spec": 68.60833333333333,
	"Frag": 38.41671899592521,
	"PC": 1812607.407202207,
	"TP": 1.7757938963707822E11,
	"EE": 0.01358986441462637,
	"EEE": 0.01301008136256499,
	"BPSK": 100.0,
	"QPSK": 0.0,
	"8QAM": 0.0,
	"16QAM": 0.0,
	"32QAM": 0.0,
	"64QAM": 0.0,
	"MetCos":0.0,
	"MetPC":0.0,
	"LPGrooming": 0.0,
	"STP": 0.0043170853748157245,
	"TSTP": 422.9362199999469,
	"STmax": 0.0,
	"TSTmax": 0.0,
	"JFI_BR": 0.14834398,
	"JFI_BBR": 0.17204082,
	"Time(ms)": 0.11624
}

