{
	"Load": 210.0,
	"TDR": 2504070571,
	"TDT": 2396967444,
	"BR": 1.9959999,
	"BRInnerGroup0-0": 1.9672908,
	"BRInnerGroup1-1": 1.6361806,
	"BRInnerGroup2-2": 3.1434186,
	"BRInnerCluster1": 1.0376843,
	"BRInnerCluster2": 0.45760432,
	"BRInnerCluster3": 0.23973629,
	"BRInnerCluster4": 1.0376843,
	"BRInnerCluster5": 0.45760432,
	"BRInnerCluster6": 0.23973629,
	"BRCrossGroup0-1": 2.823012,
	"BRCrossGroup0-2": 1.783029,
	"BRCrossGroup1-0": 0.9623797,
	"BRCrossGroup1-2": 0.6057269,
	"BRCrossGroup2-0": 1.6695957,
	"BRCrossGroup2-1": 1.6335541,
	"BRCrossCluster1-2": 3.2387648,
	"BRCrossCluster1-3": 1.5393013,
	"BRCrossCluster1-4": 4.2320175,
	"BRCrossCluster1-5": 2.6657996,
	"BRCrossCluster1-6": 1.0223049,
	"BRCrossCluster2-1": 2.822178,
	"BRCrossCluster2-3": 5.3100266,
	"BRCrossCluster2-4": 0.24327612,
	"BRCrossCluster2-5": 2.5815217,
	"BRCrossCluster2-6": 1.2488849,
	"BRCrossCluster3-1": 0.270636,
	"BRCrossCluster3-2": 1.9693654,
	"BRCrossCluster3-4": 2.8164654,
	"BRCrossCluster3-5": 1.0924982,
	"BRCrossCluster3-6": 0.0,
	"BRCrossCluster4-1": 1.5800562,
	"BRCrossCluster4-2": 0.13684571,
	"BRCrossCluster4-3": 2.8933094,
	"BRCrossCluster4-5": 0.76408786,
	"BRCrossCluster4-6": 0.0,
	"BRCrossCluster5-1": 2.0408163,
	"BRCrossCluster5-2": 1.9762846,
	"BRCrossCluster5-3": 3.1080267,
	"BRCrossCluster5-4": 1.2230215,
	"BRCrossCluster5-6": 3.8860104,
	"BRCrossCluster6-1": 1.4506769,
	"BRCrossCluster6-2": 0.92336106,
	"BRCrossCluster6-3": 0.8853119,
	"BRCrossCluster6-4": 0.49925113,
	"BRCrossCluster6-5": 3.8548753,
	"BBR": 4.254693,
	"BBRinnerGroup0-0": 3.9472144,
	"BBRinnerGroup1-1": 3.4186964,
	"BBRinnerGroup2-2": 6.9547935,
	"BBRinnerCluster1": 2.1548822,
	"BBRinnerCluster2": 1.109774,
	"BBRinnerCluster3": 0.68625987,
	"BBRinnerCluster4": 0.0,
	"BBRinnerCluster5": 2.6184537,
	"BBRinnerCluster6": 0.0,
	"BBRcrossGroup0-1": 5.8743463,
	"BBRcrossGroup0-2": 3.962528,
	"BBRcrossGroup1-0": 2.3821685,
	"BBRcrossGroup1-2": 1.5425606,
	"BBRcrossGroup2-0": 3.808995,
	"BBRcrossGroup2-1": 3.6603794,
	"BBRcrossCluster1-2": 6.057572,
	"BBRcrossCluster1-3": 3.3690329,
	"BBRcrossCluster1-4": 8.61186,
	"BBRcrossCluster1-5": 5.702453,
	"BBRcrossCluster1-6": 2.173913,
	"BBRcrossCluster2-1": 5.990099,
	"BBRcrossCluster2-3": 11.059429,
	"BBRcrossCluster2-4": 0.66600066,
	"BBRcrossCluster2-5": 5.0491357,
	"BBRcrossCluster2-6": 2.7741656,
	"BBRcrossCluster3-1": 0.7281554,
	"BBRcrossCluster3-2": 4.919377,
	"BBRcrossCluster3-4": 5.5751266,
	"BBRcrossCluster3-5": 2.7830012,
	"BBRcrossCluster3-6": 0.0,
	"BBRcrossCluster4-1": 3.7037036,
	"BBRcrossCluster4-2": 0.37898365,
	"BBRcrossCluster4-3": 6.215638,
	"BBRcrossCluster4-5": 2.0843673,
	"BBRcrossCluster4-6": 0.0,
	"BBRcrossCluster5-1": 4.652754,
	"BBRcrossCluster5-2": 4.7238855,
	"BBRcrossCluster5-3": 7.0361814,
	"BBRcrossCluster5-4": 2.3478417,
	"BBRcrossCluster5-6": 8.556832,
	"BBRcrossCluster6-1": 3.078451,
	"BBRcrossCluster6-2": 2.191142,
	"BBRcrossCluster6-3": 2.1643286,
	"BBRcrossCluster5-4": 0.8651399,
	"BBRcrossCluster6-5": 8.478514,
	"LP": 98004,
	"TR": 1.0,
	"VH": 1.0,
	"PH": 3.514907554793682,
	"OXCAST": 0.03700230673043077,
	"Spec": 69.06666666666666,
	"Frag": 37.92664688737173,
	"PC": 1809684.8456094093,
	"TP": 1.7735645983489807E11,
	"EE": 0.013514971184197902,
	"EEE": 0.01293995064704014,
	"BPSK": 100.0,
	"QPSK": 0.0,
	"8QAM": 0.0,
	"16QAM": 0.0,
	"32QAM": 0.0,
	"64QAM": 0.0,
	"MetCos":0.0,
	"MetPC":0.0,
	"LPGrooming": 0.0,
	"STP": 0.004308187216847763,
	"TSTP": 422.2195799999481,
	"STmax": 0.0,
	"TSTmax": 0.0,
	"JFI_BR": 0.14778417,
	"JFI_BBR": 0.17290299,
	"Time(ms)": 0.11954
}

