{
	"Load": 300.0,
	"TDR": 2517270854,
	"TDT": 2182045316,
	"BR": 7.274,
	"BRInnerGroup0-0": 7.147129,
	"BRInnerGroup1-1": 7.530371,
	"BRInnerGroup2-2": 11.95757,
	"BRInnerCluster1": 4.818949,
	"BRInnerCluster2": 1.9939907,
	"BRInnerCluster3": 2.3732786,
	"BRInnerCluster4": 4.818949,
	"BRInnerCluster5": 1.9939907,
	"BRInnerCluster6": 2.3732786,
	"BRCrossGroup0-1": 9.297085,
	"BRCrossGroup0-2": 6.4607353,
	"BRCrossGroup1-0": 4.180856,
	"BRCrossGroup1-2": 2.8483665,
	"BRCrossGroup2-0": 6.7334323,
	"BRCrossGroup2-1": 6.0402684,
	"BRCrossCluster1-2": 10.213414,
	"BRCrossCluster1-3": 6.0698028,
	"BRCrossCluster1-4": 11.948376,
	"BRCrossCluster1-5": 4.6048107,
	"BRCrossCluster1-6": 7.162534,
	"BRCrossCluster2-1": 11.368681,
	"BRCrossCluster2-3": 17.329332,
	"BRCrossCluster2-4": 1.5885947,
	"BRCrossCluster2-5": 8.0711355,
	"BRCrossCluster2-6": 5.9139786,
	"BRCrossCluster3-1": 1.3961128,
	"BRCrossCluster3-2": 7.8581176,
	"BRCrossCluster3-4": 10.369702,
	"BRCrossCluster3-5": 4.919355,
	"BRCrossCluster3-6": 0.999001,
	"BRCrossCluster4-1": 6.8686867,
	"BRCrossCluster4-2": 0.779661,
	"BRCrossCluster4-3": 13.969488,
	"BRCrossCluster4-5": 2.3963132,
	"BRCrossCluster4-6": 1.9559903,
	"BRCrossCluster5-1": 7.6203213,
	"BRCrossCluster5-2": 7.355021,
	"BRCrossCluster5-3": 8.885542,
	"BRCrossCluster5-4": 5.026455,
	"BRCrossCluster5-6": 18.181818,
	"BRCrossCluster6-1": 6.2330623,
	"BRCrossCluster6-2": 4.978541,
	"BRCrossCluster6-3": 3.966346,
	"BRCrossCluster6-4": 3.871625,
	"BRCrossCluster6-5": 13.110539,
	"BBR": 13.433187,
	"BBRinnerGroup0-0": 12.325741,
	"BBRinnerGroup1-1": 14.238466,
	"BBRinnerGroup2-2": 20.49928,
	"BBRinnerCluster1": 8.008076,
	"BBRinnerCluster2": 4.512195,
	"BBRinnerCluster3": 5.700539,
	"BBRinnerCluster4": 1.764706,
	"BBRinnerCluster5": 9.1697645,
	"BBRinnerCluster6": 0.0,
	"BBRcrossGroup0-1": 16.791685,
	"BBRcrossGroup0-2": 11.503168,
	"BBRcrossGroup1-0": 8.58432,
	"BBRcrossGroup1-2": 6.357982,
	"BBRcrossGroup2-0": 12.132783,
	"BBRcrossGroup2-1": 12.539273,
	"BBRcrossCluster1-2": 17.839712,
	"BBRcrossCluster1-3": 12.214444,
	"BBRcrossCluster1-4": 21.663694,
	"BBRcrossCluster1-5": 7.826396,
	"BBRcrossCluster1-6": 12.264152,
	"BBRcrossCluster2-1": 19.27992,
	"BBRcrossCluster2-3": 28.930414,
	"BBRcrossCluster2-4": 3.9154968,
	"BBRcrossCluster2-5": 13.888889,
	"BBRcrossCluster2-6": 11.606355,
	"BBRcrossCluster3-1": 3.42168,
	"BBRcrossCluster3-2": 15.490797,
	"BBRcrossCluster3-4": 19.23312,
	"BBRcrossCluster3-5": 10.569439,
	"BBRcrossCluster3-6": 2.5157232,
	"BBRcrossCluster4-1": 13.590129,
	"BBRcrossCluster4-2": 2.0734196,
	"BBRcrossCluster4-3": 24.996292,
	"BBRcrossCluster4-5": 5.555556,
	"BBRcrossCluster4-6": 4.7675805,
	"BBRcrossCluster5-1": 12.736319,
	"BBRcrossCluster5-2": 12.949639,
	"BBRcrossCluster5-3": 17.824774,
	"BBRcrossCluster5-4": 10.267521,
	"BBRcrossCluster5-6": 30.759161,
	"BBRcrossCluster6-1": 10.160427,
	"BBRcrossCluster6-2": 9.856084,
	"BBRcrossCluster6-3": 8.564032,
	"BBRcrossCluster5-4": 8.493713,
	"BBRcrossCluster6-5": 24.441525,
	"LP": 92726,
	"TR": 1.0,
	"VH": 1.0,
	"PH": 3.4655005068697022,
	"OXCAST": 0.024299732885862173,
	"Spec": 59.93333333333333,
	"Frag": 46.26351471884246,
	"PC": 1789857.92838867,
	"TP": 1.6596797240248236E11,
	"EE": 0.013147387923185615,
	"EEE": 0.011381274779501129,
	"BPSK": 100.0,
	"QPSK": 0.0,
	"8QAM": 0.0,
	"16QAM": 0.0,
	"32QAM": 0.0,
	"64QAM": 0.0,
	"MetCos":0.0,
	"MetPC":0.0,
	"LPGrooming": 0.0,
	"STP": 0.004247910618380655,
	"TSTP": 393.8917599999646,
	"STmax": 0.0,
	"TSTmax": 0.0,
	"JFI_BR": 0.26191714,
	"JFI_BBR": 0.32032904,
	"Time(ms)": 0.19174
}

