{
	"Load": 210.0,
	"TDR": 2517270854,
	"TDT": 2413690826,
	"BR": 1.938,
	"BRInnerGroup0-0": 2.117225,
	"BRInnerGroup1-1": 1.6142452,
	"BRInnerGroup2-2": 3.7608485,
	"BRInnerCluster1": 1.4701879,
	"BRInnerCluster2": 0.30046436,
	"BRInnerCluster3": 0.2343979,
	"BRInnerCluster4": 1.4701879,
	"BRInnerCluster5": 0.30046436,
	"BRInnerCluster6": 0.2343979,
	"BRCrossGroup0-1": 2.5135064,
	"BRCrossGroup0-2": 1.914292,
	"BRCrossGroup1-0": 0.9999275,
	"BRCrossGroup1-2": 0.8098297,
	"BRCrossGroup2-0": 1.9603666,
	"BRCrossGroup2-1": 1.4988815,
	"BRCrossCluster1-2": 2.972561,
	"BRCrossCluster1-3": 1.2898331,
	"BRCrossCluster1-4": 3.5664723,
	"BRCrossCluster1-5": 1.3058419,
	"BRCrossCluster1-6": 2.3875115,
	"BRCrossCluster2-1": 3.7484586,
	"BRCrossCluster2-3": 5.1119924,
	"BRCrossCluster2-4": 0.108621866,
	"BRCrossCluster2-5": 2.0519836,
	"BRCrossCluster2-6": 1.9713262,
	"BRCrossCluster3-1": 0.30112237,
	"BRCrossCluster3-2": 1.882674,
	"BRCrossCluster3-4": 2.7051399,
	"BRCrossCluster3-5": 1.8548386,
	"BRCrossCluster3-6": 0.0,
	"BRCrossCluster4-1": 1.8181818,
	"BRCrossCluster4-2": 0.033898305,
	"BRCrossCluster4-3": 2.8716722,
	"BRCrossCluster4-5": 0.6451613,
	"BRCrossCluster4-6": 0.24449879,
	"BRCrossCluster5-1": 2.2727273,
	"BRCrossCluster5-2": 2.1216407,
	"BRCrossCluster5-3": 2.620482,
	"BRCrossCluster5-4": 1.0582011,
	"BRCrossCluster5-6": 5.8080807,
	"BRCrossCluster6-1": 2.0776875,
	"BRCrossCluster6-2": 0.77253217,
	"BRCrossCluster6-3": 0.9615385,
	"BRCrossCluster6-4": 0.20376974,
	"BRCrossCluster6-5": 4.1131105,
	"BBR": 4.123613,
	"BBRinnerGroup0-0": 4.0747485,
	"BBRinnerGroup1-1": 3.5083313,
	"BBRinnerGroup2-2": 8.881421,
	"BBRinnerCluster1": 3.0686407,
	"BBRinnerCluster2": 0.73170733,
	"BBRinnerCluster3": 0.6414929,
	"BBRinnerCluster4": 0.0,
	"BBRinnerCluster5": 3.4696407,
	"BBRinnerCluster6": 0.0,
	"BBRcrossGroup0-1": 5.3231006,
	"BBRcrossGroup0-2": 4.0637975,
	"BBRcrossGroup1-0": 2.366191,
	"BBRcrossGroup1-2": 1.9903246,
	"BBRcrossGroup2-0": 4.199809,
	"BBRcrossGroup2-1": 3.3718581,
	"BBRcrossCluster1-2": 5.7282305,
	"BBRcrossCluster1-3": 3.1038039,
	"BBRcrossCluster1-4": 7.2349467,
	"BBRcrossCluster1-5": 3.1305585,
	"BBRcrossCluster1-6": 4.8068285,
	"BBRcrossCluster2-1": 6.967314,
	"BBRcrossCluster2-3": 10.588488,
	"BBRcrossCluster2-4": 0.30278006,
	"BBRcrossCluster2-5": 4.305556,
	"BBRcrossCluster2-6": 4.1041484,
	"BBRcrossCluster3-1": 0.8413967,
	"BBRcrossCluster3-2": 4.1132183,
	"BBRcrossCluster3-4": 5.68286,
	"BBRcrossCluster3-5": 4.670217,
	"BBRcrossCluster3-6": 0.0,
	"BBRcrossCluster4-1": 4.502251,
	"BBRcrossCluster4-2": 0.101971455,
	"BBRcrossCluster4-3": 6.260199,
	"BBRcrossCluster4-5": 1.5065913,
	"BBRcrossCluster4-6": 0.71513706,
	"BBRcrossCluster5-1": 4.676617,
	"BBRcrossCluster5-2": 4.213772,
	"BBRcrossCluster5-3": 5.800604,
	"BBRcrossCluster5-4": 2.317257,
	"BBRcrossCluster5-6": 14.005237,
	"BBRcrossCluster6-1": 4.2780747,
	"BBRcrossCluster6-2": 1.6572175,
	"BBRcrossCluster6-3": 2.2306314,
	"BBRcrossCluster5-4": 0.5645368,
	"BBRcrossCluster6-5": 10.249671,
	"LP": 98062,
	"TR": 1.0,
	"VH": 1.0,
	"PH": 3.513980950827028,
	"OXCAST": 0.05518841672039652,
	"Spec": 68.975,
	"Frag": 37.98998748292027,
	"PC": 1809311.701353542,
	"TP": 1.7742629325134674E11,
	"EE": 0.013603907187424033,
	"EEE": 0.01304293471836402,
	"BPSK": 100.0,
	"QPSK": 0.0,
	"8QAM": 0.0,
	"16QAM": 0.0,
	"32QAM": 0.0,
	"64QAM": 0.0,
	"MetCos":0.0,
	"MetPC":0.0,
	"LPGrooming": 0.0,
	"STP": 0.004307056760008434,
	"TSTP": 422.35859999994705,
	"STmax": 0.0,
	"TSTmax": 0.0,
	"JFI_BR": 0.1438104,
	"JFI_BBR": 0.16209906,
	"Time(ms)": 0.19162
}

