{
	"Load": 270.0,
	"TDR": 2517270854,
	"TDT": 2262791346,
	"BR": 5.215,
	"BRInnerGroup0-0": 4.952153,
	"BRInnerGroup1-1": 4.7928104,
	"BRInnerGroup2-2": 7.2324014,
	"BRInnerCluster1": 2.91315,
	"BRInnerCluster2": 1.5023217,
	"BRInnerCluster3": 1.1426897,
	"BRInnerCluster4": 2.91315,
	"BRInnerCluster5": 1.5023217,
	"BRInnerCluster6": 1.1426897,
	"BRCrossGroup0-1": 6.8875856,
	"BRCrossGroup0-2": 4.938003,
	"BRCrossGroup1-0": 3.122962,
	"BRCrossGroup1-2": 2.066462,
	"BRCrossGroup2-0": 4.666525,
	"BRCrossGroup2-1": 4.4854584,
	"BRCrossCluster1-2": 7.0884147,
	"BRCrossCluster1-3": 4.0646,
	"BRCrossCluster1-4": 8.92312,
	"BRCrossCluster1-5": 3.9862542,
	"BRCrossCluster1-6": 5.050505,
	"BRCrossCluster2-1": 7.9654746,
	"BRCrossCluster2-3": 13.278319,
	"BRCrossCluster2-4": 0.99117446,
	"BRCrossCluster2-5": 6.2243505,
	"BRCrossCluster2-6": 4.032258,
	"BRCrossCluster3-1": 1.2044895,
	"BRCrossCluster3-2": 5.839018,
	"BRCrossCluster3-4": 6.642621,
	"BRCrossCluster3-5": 3.467742,
	"BRCrossCluster3-6": 0.5994006,
	"BRCrossCluster4-1": 5.151515,
	"BRCrossCluster4-2": 0.6101695,
	"BRCrossCluster4-3": 9.39276,
	"BRCrossCluster4-5": 1.751152,
	"BRCrossCluster4-6": 0.97799516,
	"BRCrossCluster5-1": 5.4144387,
	"BRCrossCluster5-2": 5.5869875,
	"BRCrossCluster5-3": 7.198795,
	"BRCrossCluster5-4": 3.8170826,
	"BRCrossCluster5-6": 9.343434,
	"BRCrossCluster6-1": 4.69738,
	"BRCrossCluster6-2": 2.6609442,
	"BRCrossCluster6-3": 2.8846154,
	"BRCrossCluster6-4": 2.1905248,
	"BRCrossCluster6-5": 9.768638,
	"BBR": 10.201546,
	"BBRinnerGroup0-0": 9.021165,
	"BBRinnerGroup1-1": 9.43649,
	"BBRinnerGroup2-2": 13.586174,
	"BBRinnerCluster1": 5.51817,
	"BBRinnerCluster2": 3.3604336,
	"BBRinnerCluster3": 2.7409244,
	"BBRinnerCluster4": 0.26737967,
	"BBRinnerCluster5": 6.567534,
	"BBRinnerCluster6": 0.0,
	"BBRcrossGroup0-1": 13.24777,
	"BBRcrossGroup0-2": 9.482194,
	"BBRcrossGroup1-0": 6.6840305,
	"BBRcrossGroup1-2": 4.6993775,
	"BBRcrossGroup2-0": 9.06777,
	"BBRcrossGroup2-1": 9.807002,
	"BBRcrossCluster1-2": 12.9077835,
	"BBRcrossCluster1-3": 8.643986,
	"BBRcrossCluster1-4": 16.993553,
	"BBRcrossCluster1-5": 7.4350767,
	"BBRcrossCluster1-6": 9.973046,
	"BBRcrossCluster2-1": 14.155812,
	"BBRcrossCluster2-3": 24.103308,
	"BBRcrossCluster2-4": 2.601156,
	"BBRcrossCluster2-5": 12.1875,
	"BBRcrossCluster2-6": 7.76699,
	"BBRcrossCluster3-1": 3.2113307,
	"BBRcrossCluster3-2": 12.200223,
	"BBRcrossCluster3-4": 12.908647,
	"BBRcrossCluster3-5": 7.783695,
	"BBRcrossCluster3-6": 1.644896,
	"BBRcrossCluster4-1": 10.238453,
	"BBRcrossCluster4-2": 1.5975528,
	"BBRcrossCluster4-3": 17.964693,
	"BBRcrossCluster4-5": 3.954802,
	"BBRcrossCluster4-6": 2.5029798,
	"BBRcrossCluster5-1": 9.751244,
	"BBRcrossCluster5-2": 10.346009,
	"BBRcrossCluster5-3": 15.211481,
	"BBRcrossCluster5-4": 8.063301,
	"BBRcrossCluster5-6": 18.848167,
	"BBRcrossCluster6-1": 9.447415,
	"BBRcrossCluster6-2": 4.84082,
	"BBRcrossCluster6-3": 6.8313084,
	"BBRcrossCluster5-4": 5.0808315,
	"BBRcrossCluster6-5": 18.26544,
	"LP": 94785,
	"TR": 1.0,
	"VH": 1.0,
	"PH": 3.4880097061771376,
	"OXCAST": 0.025353224682426696,
	"Spec": 62.50833333333333,
	"Frag": 44.04450288157331,
	"PC": 1798886.9457972706,
	"TP": 1.705091886202753E11,
	"EE": 0.013270788303610113,
	"EEE": 0.011916962768032393,
	"BPSK": 100.0,
	"QPSK": 0.0,
	"8QAM": 0.0,
	"16QAM": 0.0,
	"32QAM": 0.0,
	"64QAM": 0.0,
	"MetCos":0.0,
	"MetPC":0.0,
	"LPGrooming": 0.0,
	"STP": 0.0042753718415356684,
	"TSTP": 405.2411199999583,
	"STmax": 0.0,
	"TSTmax": 0.0,
	"JFI_BR": 0.2323555,
	"JFI_BBR": 0.2801732,
	"Time(ms)": 0.18172
}

