{
	"Load": 270.0,
	"TDR": 2518368159,
	"TDT": 2261307474,
	"BR": 5.355,
	"BRInnerGroup0-0": 5.073025,
	"BRInnerGroup1-1": 5.3347716,
	"BRInnerGroup2-2": 8.862034,
	"BRInnerCluster1": 3.0696902,
	"BRInnerCluster2": 1.6465422,
	"BRInnerCluster3": 1.4307004,
	"BRInnerCluster4": 3.0696902,
	"BRInnerCluster5": 1.6465422,
	"BRInnerCluster6": 1.4307004,
	"BRCrossGroup0-1": 6.930375,
	"BRCrossGroup0-2": 5.4359646,
	"BRCrossGroup1-0": 3.1037202,
	"BRCrossGroup1-2": 2.1282477,
	"BRCrossGroup2-0": 4.803587,
	"BRCrossGroup2-1": 4.5634923,
	"BRCrossCluster1-2": 8.100075,
	"BRCrossCluster1-3": 3.833795,
	"BRCrossCluster1-4": 9.888617,
	"BRCrossCluster1-5": 6.0165977,
	"BRCrossCluster1-6": 3.5842295,
	"BRCrossCluster2-1": 7.2492557,
	"BRCrossCluster2-3": 13.082358,
	"BRCrossCluster2-4": 0.9736698,
	"BRCrossCluster2-5": 6.7947836,
	"BRCrossCluster2-6": 3.753351,
	"BRCrossCluster3-1": 1.081231,
	"BRCrossCluster3-2": 5.9658346,
	"BRCrossCluster3-4": 8.57229,
	"BRCrossCluster3-5": 3.6308625,
	"BRCrossCluster3-6": 0.09578544,
	"BRCrossCluster4-1": 5.1290646,
	"BRCrossCluster4-2": 0.27201632,
	"BRCrossCluster4-3": 9.175412,
	"BRCrossCluster4-5": 2.4208567,
	"BRCrossCluster4-6": 1.0088272,
	"BRCrossCluster5-1": 4.644809,
	"BRCrossCluster5-2": 5.450875,
	"BRCrossCluster5-3": 6.785823,
	"BRCrossCluster5-4": 3.9273806,
	"BRCrossCluster5-6": 13.2626,
	"BRCrossCluster6-1": 4.766355,
	"BRCrossCluster6-2": 4.830508,
	"BRCrossCluster6-3": 2.9879706,
	"BRCrossCluster6-4": 2.5335321,
	"BRCrossCluster6-5": 9.523809,
	"BBR": 10.275634,
	"BBRinnerGroup0-0": 9.319884,
	"BBRinnerGroup1-1": 10.384791,
	"BBRinnerGroup2-2": 17.386778,
	"BBRinnerCluster1": 5.8155637,
	"BBRinnerCluster2": 3.9077601,
	"BBRinnerCluster3": 3.6235087,
	"BBRinnerCluster4": 0.5906965,
	"BBRinnerCluster5": 4.593176,
	"BBRinnerCluster6": 0.0,
	"BBRcrossGroup0-1": 12.892994,
	"BBRcrossGroup0-2": 10.379883,
	"BBRcrossGroup1-0": 6.2153006,
	"BBRcrossGroup1-2": 4.7670937,
	"BBRcrossGroup2-0": 9.523305,
	"BBRcrossGroup2-1": 10.004912,
	"BBRcrossCluster1-2": 13.835399,
	"BBRcrossCluster1-3": 7.998656,
	"BBRcrossCluster1-4": 18.016872,
	"BBRcrossCluster1-5": 11.534501,
	"BBRcrossCluster1-6": 6.44185,
	"BBRcrossCluster2-1": 13.094795,
	"BBRcrossCluster2-3": 23.291616,
	"BBRcrossCluster2-4": 2.449062,
	"BBRcrossCluster2-5": 13.41712,
	"BBRcrossCluster2-6": 7.3660717,
	"BBRcrossCluster3-1": 2.513812,
	"BBRcrossCluster3-2": 11.429704,
	"BBRcrossCluster3-4": 15.969989,
	"BBRcrossCluster3-5": 7.957154,
	"BBRcrossCluster3-6": 0.2886003,
	"BBRcrossCluster4-1": 10.288561,
	"BBRcrossCluster4-2": 0.74311775,
	"BBRcrossCluster4-3": 17.837673,
	"BBRcrossCluster4-5": 5.756053,
	"BBRcrossCluster4-6": 2.671524,
	"BBRcrossCluster5-1": 9.583771,
	"BBRcrossCluster5-2": 10.392984,
	"BBRcrossCluster5-3": 14.354499,
	"BBRcrossCluster5-4": 8.33939,
	"BBRcrossCluster5-6": 24.627874,
	"BBRcrossCluster6-1": 8.238507,
	"BBRcrossCluster6-2": 10.796915,
	"BBRcrossCluster6-3": 6.9571867,
	"BBRcrossCluster5-4": 5.7428217,
	"BBRcrossCluster6-5": 19.537275,
	"LP": 94645,
	"TR": 1.0,
	"VH": 1.0,
	"PH": 3.493782027576734,
	"OXCAST": 0.024450932679445828,
	"Spec": 62.141666666666666,
	"Frag": 44.374872785870345,
	"PC": 1801201.7283852333,
	"TP": 1.7047653414333676E11,
	"EE": 0.013264626039960968,
	"EEE": 0.011901601641569925,
	"BPSK": 100.0,
	"QPSK": 0.0,
	"8QAM": 0.0,
	"16QAM": 0.0,
	"32QAM": 0.0,
	"64QAM": 0.0,
	"MetCos":0.0,
	"MetPC":0.0,
	"LPGrooming": 0.0,
	"STP": 0.004282414073643189,
	"TSTP": 405.3090799999596,
	"STmax": 0.0,
	"TSTmax": 0.0,
	"JFI_BR": 0.23306066,
	"JFI_BBR": 0.28081322,
	"Time(ms)": 0.11825
}

