{
	"Load": 150.0,
	"TDR": 2518368159,
	"TDT": 2502579504,
	"BR": 0.312,
	"BRInnerGroup0-0": 0.41132638,
	"BRInnerGroup1-1": 0.12445034,
	"BRInnerGroup2-2": 0.40281975,
	"BRInnerCluster1": 0.11061947,
	"BRInnerCluster2": 0.027442371,
	"BRInnerCluster3": 0.0,
	"BRInnerCluster4": 0.11061947,
	"BRInnerCluster5": 0.027442371,
	"BRInnerCluster6": 0.0,
	"BRCrossGroup0-1": 0.434973,
	"BRCrossGroup0-2": 0.456621,
	"BRCrossGroup1-0": 0.07884739,
	"BRCrossGroup1-2": 0.16583748,
	"BRCrossGroup2-0": 0.34158838,
	"BRCrossGroup2-1": 0.23148148,
	"BRCrossCluster1-2": 0.8422095,
	"BRCrossCluster1-3": 0.06648199,
	"BRCrossCluster1-4": 0.89649546,
	"BRCrossCluster1-5": 0.5532504,
	"BRCrossCluster1-6": 0.35842294,
	"BRCrossCluster2-1": 0.5461768,
	"BRCrossCluster2-3": 0.83903736,
	"BRCrossCluster2-4": 0.01371366,
	"BRCrossCluster2-5": 0.8236102,
	"BRCrossCluster2-6": 0.089365505,
	"BRCrossCluster3-1": 0.0,
	"BRCrossCluster3-2": 0.07884362,
	"BRCrossCluster3-4": 0.21128887,
	"BRCrossCluster3-5": 0.37821484,
	"BRCrossCluster3-6": 0.0,
	"BRCrossCluster4-1": 0.23466308,
	"BRCrossCluster4-2": 0.03400204,
	"BRCrossCluster4-3": 0.23988006,
	"BRCrossCluster4-5": 0.09310987,
	"BRCrossCluster4-6": 0.0,
	"BRCrossCluster5-1": 0.34153005,
	"BRCrossCluster5-2": 0.7402423,
	"BRCrossCluster5-3": 0.30293852,
	"BRCrossCluster5-4": 0.11115228,
	"BRCrossCluster5-6": 0.795756,
	"BRCrossCluster6-1": 0.2803738,
	"BRCrossCluster6-2": 0.084745765,
	"BRCrossCluster6-3": 0.15521926,
	"BRCrossCluster6-4": 0.1987084,
	"BRCrossCluster6-5": 0.25062656,
	"BBR": 0.69233,
	"BBRinnerGroup0-0": 0.8535021,
	"BBRinnerGroup1-1": 0.3043315,
	"BBRinnerGroup2-2": 0.88495576,
	"BBRinnerCluster1": 0.2769316,
	"BBRinnerCluster2": 0.08285005,
	"BBRinnerCluster3": 0.0,
	"BBRinnerCluster4": 0.0,
	"BBRinnerCluster5": 0.0,
	"BBRinnerCluster6": 0.0,
	"BBRcrossGroup0-1": 0.9456608,
	"BBRcrossGroup0-2": 1.0272874,
	"BBRcrossGroup1-0": 0.17304781,
	"BBRcrossGroup1-2": 0.46308908,
	"BBRcrossGroup2-0": 0.80508476,
	"BBRcrossGroup2-1": 0.58402926,
	"BBRcrossCluster1-2": 1.5945051,
	"BBRcrossCluster1-3": 0.17924158,
	"BBRcrossCluster1-4": 1.7943224,
	"BBRcrossCluster1-5": 1.4418126,
	"BBRcrossCluster1-6": 0.7782101,
	"BBRcrossCluster2-1": 1.2051187,
	"BBRcrossCluster2-3": 1.904973,
	"BBRcrossCluster2-4": 0.040480368,
	"BBRcrossCluster2-5": 1.6983695,
	"BBRcrossCluster2-6": 0.08928572,
	"BBRcrossCluster3-1": 0.0,
	"BBRcrossCluster3-2": 0.1321353,
	"BBRcrossCluster3-4": 0.55121726,
	"BBRcrossCluster3-5": 1.0711553,
	"BBRcrossCluster3-6": 0.0,
	"BBRcrossCluster4-1": 0.5496393,
	"BBRcrossCluster4-2": 0.101334244,
	"BBRcrossCluster4-3": 0.5602665,
	"BBRcrossCluster4-5": 0.27409777,
	"BBRcrossCluster4-6": 0.0,
	"BBRcrossCluster5-1": 0.76949984,
	"BBRcrossCluster5-2": 1.7213382,
	"BBRcrossCluster5-3": 0.7824255,
	"BBRcrossCluster5-4": 0.25436047,
	"BBRcrossCluster5-6": 1.488498,
	"BBRcrossCluster6-1": 0.5461994,
	"BBRcrossCluster6-2": 0.2570694,
	"BBRcrossCluster6-3": 0.36314985,
	"BBRcrossCluster5-4": 0.54931337,
	"BBRcrossCluster6-5": 0.7712082,
	"LP": 99688,
	"TR": 1.0,
	"VH": 1.0,
	"PH": 3.5308161463766954,
	"OXCAST": 0.23826057828967664,
	"Spec": 76.79166666666667,
	"Frag": 29.276411559524178,
	"PC": 1816070.557185585,
	"TP": 1.810423318896414E11,
	"EE": 0.013823173165519688,
	"EEE": 0.013727471190357908,
	"BPSK": 100.0,
	"QPSK": 0.0,
	"8QAM": 0.0,
	"16QAM": 0.0,
	"32QAM": 0.0,
	"64QAM": 0.0,
	"MetCos":0.0,
	"MetPC":0.0,
	"LPGrooming": 0.0,
	"STP": 0.004327595698578966,
	"TSTP": 431.40935999993997,
	"STmax": 0.0,
	"TSTmax": 0.0,
	"JFI_BR": 0.055851646,
	"JFI_BBR": 0.062304705,
	"Time(ms)": 0.11542
}

