{
	"Load": 300.0,
	"TDR": 2518368159,
	"TDT": 2175502419,
	"BR": 7.3700004,
	"BRInnerGroup0-0": 7.0104322,
	"BRInnerGroup1-1": 7.201526,
	"BRInnerGroup2-2": 12.084592,
	"BRInnerCluster1": 4.231195,
	"BRInnerCluster2": 2.4698133,
	"BRInnerCluster3": 2.3546946,
	"BRInnerCluster4": 4.231195,
	"BRInnerCluster5": 2.4698133,
	"BRInnerCluster6": 2.3546946,
	"BRCrossGroup0-1": 9.277478,
	"BRCrossGroup0-2": 7.197217,
	"BRCrossGroup1-0": 4.716508,
	"BRCrossGroup1-2": 3.233831,
	"BRCrossGroup2-0": 6.5969257,
	"BRCrossGroup2-1": 6.7570543,
	"BRCrossCluster1-2": 10.279911,
	"BRCrossCluster1-3": 5.628809,
	"BRCrossCluster1-4": 12.836185,
	"BRCrossCluster1-5": 7.053942,
	"BRCrossCluster1-6": 6.3620067,
	"BRCrossCluster2-1": 10.600794,
	"BRCrossCluster2-3": 16.659306,
	"BRCrossCluster2-4": 2.0433352,
	"BRCrossCluster2-5": 8.030199,
	"BRCrossCluster2-6": 5.808758,
	"BRCrossCluster3-1": 1.3584697,
	"BRCrossCluster3-2": 9.986859,
	"BRCrossCluster3-4": 10.926653,
	"BRCrossCluster3-5": 5.4462934,
	"BRCrossCluster3-6": 0.28735632,
	"BRCrossCluster4-1": 6.771706,
	"BRCrossCluster4-2": 0.61203676,
	"BRCrossCluster4-3": 12.533733,
	"BRCrossCluster4-5": 3.1657357,
	"BRCrossCluster4-6": 2.1437578,
	"BRCrossCluster5-1": 6.557377,
	"BRCrossCluster5-2": 8.008076,
	"BRCrossCluster5-3": 9.451681,
	"BRCrossCluster5-4": 6.632086,
	"BRCrossCluster5-6": 15.915119,
	"BRCrossCluster6-1": 6.1682243,
	"BRCrossCluster6-2": 5.9322033,
	"BRCrossCluster6-3": 3.919286,
	"BRCrossCluster6-4": 4.3715844,
	"BRCrossCluster6-5": 15.037593,
	"BBR": 13.665904,
	"BBRinnerGroup0-0": 12.190755,
	"BBRinnerGroup1-1": 13.5573435,
	"BBRinnerGroup2-2": 21.238937,
	"BBRinnerCluster1": 7.2556076,
	"BBRinnerCluster2": 5.523336,
	"BBRinnerCluster3": 5.5089116,
	"BBRinnerCluster4": 1.2798425,
	"BBRinnerCluster5": 9.186352,
	"BBRinnerCluster6": 0.0,
	"BBRcrossGroup0-1": 16.794937,
	"BBRcrossGroup0-2": 13.012306,
	"BBRcrossGroup1-0": 9.207585,
	"BBRcrossGroup1-2": 7.354944,
	"BBRcrossGroup2-0": 12.574153,
	"BBRcrossGroup2-1": 14.147699,
	"BBRcrossCluster1-2": 16.496996,
	"BBRcrossCluster1-3": 11.471461,
	"BBRcrossCluster1-4": 22.509375,
	"BBRcrossCluster1-5": 13.422589,
	"BBRcrossCluster1-6": 10.808474,
	"BBRcrossCluster2-1": 18.437075,
	"BBRcrossCluster2-3": 28.414,
	"BBRcrossCluster2-4": 5.019565,
	"BBRcrossCluster2-5": 14.97962,
	"BBRcrossCluster2-6": 10.3125,
	"BBRcrossCluster3-1": 3.3839781,
	"BBRcrossCluster3-2": 18.657505,
	"BBRcrossCluster3-4": 20.012247,
	"BBRcrossCluster3-5": 12.088753,
	"BBRcrossCluster3-6": 0.7696008,
	"BBRcrossCluster4-1": 13.466163,
	"BBRcrossCluster4-2": 1.3849013,
	"BBRcrossCluster4-3": 23.001211,
	"BBRcrossCluster4-5": 7.1722245,
	"BBRcrossCluster4-6": 4.9787493,
	"BBRcrossCluster5-1": 12.591815,
	"BBRcrossCluster5-2": 15.232219,
	"BBRcrossCluster5-3": 18.943726,
	"BBRcrossCluster5-4": 13.317587,
	"BBRcrossCluster5-6": 26.387009,
	"BBRcrossCluster6-1": 10.87847,
	"BBRcrossCluster6-2": 12.167953,
	"BBRcrossCluster6-3": 8.906728,
	"BBRcrossCluster5-4": 9.812735,
	"BBRcrossCluster6-5": 27.377892,
	"LP": 92630,
	"TR": 1.0,
	"VH": 1.0,
	"PH": 3.474176832559646,
	"OXCAST": 0.02122023583917875,
	"Spec": 59.55,
	"Frag": 46.58467641143642,
	"PC": 1793336.3421355793,
	"TP": 1.6611847530149435E11,
	"EE": 0.013096089493065734,
	"EEE": 0.011306390469282295,
	"BPSK": 100.0,
	"QPSK": 0.0,
	"8QAM": 0.0,
	"16QAM": 0.0,
	"32QAM": 0.0,
	"64QAM": 0.0,
	"MetCos":0.0,
	"MetPC":0.0,
	"LPGrooming": 0.0,
	"STP": 0.004258495735722429,
	"TSTP": 394.4644599999686,
	"STmax": 0.0,
	"TSTmax": 0.0,
	"JFI_BR": 0.27020615,
	"JFI_BBR": 0.3279739,
	"Time(ms)": 0.17303
}

