{
	"Load": 90.0,
	"TDR": 2504070571,
	"TDT": 2503535699,
	"BR": 0.007999999,
	"BRInnerGroup0-0": 0.005925575,
	"BRInnerGroup1-1": 0.0,
	"BRInnerGroup2-2": 0.0,
	"BRInnerCluster1": 0.0,
	"BRInnerCluster2": 0.0,
	"BRInnerCluster3": 0.0,
	"BRInnerCluster4": 0.0,
	"BRInnerCluster5": 0.0,
	"BRInnerCluster6": 0.0,
	"BRCrossGroup0-1": 0.011569723,
	"BRCrossGroup0-2": 0.021482276,
	"BRCrossGroup1-0": 0.0,
	"BRCrossGroup1-2": 0.0,
	"BRCrossGroup2-0": 0.0,
	"BRCrossGroup2-1": 0.022075055,
	"BRCrossCluster1-2": 0.025106704,
	"BRCrossCluster1-3": 0.0,
	"BRCrossCluster1-4": 0.040562466,
	"BRCrossCluster1-5": 0.0,
	"BRCrossCluster1-6": 0.0,
	"BRCrossCluster2-1": 0.0,
	"BRCrossCluster2-3": 0.010993843,
	"BRCrossCluster2-4": 0.0,
	"BRCrossCluster2-5": 0.06793478,
	"BRCrossCluster2-6": 0.0,
	"BRCrossCluster3-1": 0.0,
	"BRCrossCluster3-2": 0.0,
	"BRCrossCluster3-4": 0.0,
	"BRCrossCluster3-5": 0.0,
	"BRCrossCluster3-6": 0.0,
	"BRCrossCluster4-1": 0.0,
	"BRCrossCluster4-2": 0.0,
	"BRCrossCluster4-3": 0.0,
	"BRCrossCluster4-5": 0.0,
	"BRCrossCluster4-6": 0.0,
	"BRCrossCluster5-1": 0.0,
	"BRCrossCluster5-2": 0.0,
	"BRCrossCluster5-3": 0.030175015,
	"BRCrossCluster5-4": 0.035971224,
	"BRCrossCluster5-6": 0.0,
	"BRCrossCluster6-1": 0.0,
	"BRCrossCluster6-2": 0.0,
	"BRCrossCluster6-3": 0.0,
	"BRCrossCluster6-4": 0.0,
	"BRCrossCluster6-5": 0.0,
	"BBR": 0.018951861,
	"BBRinnerGroup0-0": 0.011730205,
	"BBRinnerGroup1-1": 0.0,
	"BBRinnerGroup2-2": 0.0,
	"BBRinnerCluster1": 0.0,
	"BBRinnerCluster2": 0.0,
	"BBRinnerCluster3": 0.0,
	"BBRinnerCluster4": 0.0,
	"BBRinnerCluster5": 0.0,
	"BBRinnerCluster6": 0.0,
	"BBRcrossGroup0-1": 0.022924278,
	"BBRcrossGroup0-2": 0.064606436,
	"BBRcrossGroup1-0": 0.0,
	"BBRcrossGroup1-2": 0.0,
	"BBRcrossGroup2-0": 0.0,
	"BBRcrossGroup2-1": 0.06716292,
	"BBRcrossCluster1-2": 0.050062574,
	"BBRcrossCluster1-3": 0.0,
	"BBRcrossCluster1-4": 0.08086254,
	"BBRcrossCluster1-5": 0.0,
	"BBRcrossCluster1-6": 0.0,
	"BBRcrossCluster2-1": 0.0,
	"BBRcrossCluster2-3": 0.021889023,
	"BBRcrossCluster2-4": 0.0,
	"BBRcrossCluster2-5": 0.20332092,
	"BBRcrossCluster2-6": 0.0,
	"BBRcrossCluster3-1": 0.0,
	"BBRcrossCluster3-2": 0.0,
	"BBRcrossCluster3-4": 0.0,
	"BBRcrossCluster3-5": 0.0,
	"BBRcrossCluster3-6": 0.0,
	"BBRcrossCluster4-1": 0.0,
	"BBRcrossCluster4-2": 0.0,
	"BBRcrossCluster4-3": 0.0,
	"BBRcrossCluster4-5": 0.0,
	"BBRcrossCluster4-6": 0.0,
	"BBRcrossCluster5-1": 0.0,
	"BBRcrossCluster5-2": 0.0,
	"BBRcrossCluster5-3": 0.09237875,
	"BBRcrossCluster5-4": 0.10836193,
	"BBRcrossCluster5-6": 0.0,
	"BBRcrossCluster6-1": 0.0,
	"BBRcrossCluster6-2": 0.0,
	"BBRcrossCluster6-3": 0.0,
	"BBRcrossCluster5-4": 0.0,
	"BBRcrossCluster6-5": 0.0,
	"LP": 99992,
	"TR": 1.0,
	"VH": 1.0,
	"PH": 3.5208516681334507,
	"OXCAST": 2.113989451165951,
	"Spec": 86.2,
	"Frag": 16.525182590302506,
	"PC": 1812079.4330195845,
	"TP": 1.8119336980593338E11,
	"EE": 0.013816927747860776,
	"EEE": 0.013814309182893583,
	"BPSK": 100.0,
	"QPSK": 0.0,
	"8QAM": 0.0,
	"16QAM": 0.0,
	"32QAM": 0.0,
	"64QAM": 0.0,
	"MetCos":0.0,
	"MetPC":0.0,
	"LPGrooming": 0.0,
	"STP": 0.004315439035122192,
	"TSTP": 431.50937999993823,
	"STmax": 0.0,
	"TSTmax": 0.0,
	"JFI_BR": 0.003697648,
	"JFI_BBR": 0.0040871613,
	"Time(ms)": 0.14975
}

