{
	"Load": 240.0,
	"TDR": 2517270854,
	"TDT": 2341133163,
	"BR": 3.3799999,
	"BRInnerGroup0-0": 3.2655504,
	"BRInnerGroup1-1": 3.145282,
	"BRInnerGroup2-2": 4.9180326,
	"BRInnerCluster1": 1.9602505,
	"BRInnerCluster2": 0.7648184,
	"BRInnerCluster3": 0.6738939,
	"BRInnerCluster4": 1.9602505,
	"BRInnerCluster5": 0.7648184,
	"BRInnerCluster6": 0.6738939,
	"BRCrossGroup0-1": 4.443417,
	"BRCrossGroup0-2": 3.2629979,
	"BRCrossGroup1-0": 1.811463,
	"BRCrossGroup1-2": 1.1170064,
	"BRCrossGroup2-0": 3.4945662,
	"BRCrossGroup2-1": 2.9418344,
	"BRCrossCluster1-2": 4.72561,
	"BRCrossCluster1-3": 2.5254714,
	"BRCrossCluster1-4": 5.981127,
	"BRCrossCluster1-5": 2.0618556,
	"BRCrossCluster1-6": 3.6730945,
	"BRCrossCluster2-1": 5.4993834,
	"BRCrossCluster2-3": 8.723609,
	"BRCrossCluster2-4": 0.47522062,
	"BRCrossCluster2-5": 3.967168,
	"BRCrossCluster2-6": 3.4946237,
	"BRCrossCluster3-1": 0.43799615,
	"BRCrossCluster3-2": 3.7380629,
	"BRCrossCluster3-4": 4.4785094,
	"BRCrossCluster3-5": 2.3387096,
	"BRCrossCluster3-6": 0.0999001,
	"BRCrossCluster4-1": 2.9629629,
	"BRCrossCluster4-2": 0.10169492,
	"BRCrossCluster4-3": 6.132217,
	"BRCrossCluster4-5": 1.1059908,
	"BRCrossCluster4-6": 0.48899758,
	"BRCrossCluster5-1": 4.21123,
	"BRCrossCluster5-2": 4.101839,
	"BRCrossCluster5-3": 4.9397593,
	"BRCrossCluster5-4": 2.0786092,
	"BRCrossCluster5-6": 8.585858,
	"BRCrossCluster6-1": 3.432701,
	"BRCrossCluster6-2": 1.4592276,
	"BRCrossCluster6-3": 2.0432692,
	"BRCrossCluster6-4": 0.9169638,
	"BRCrossCluster6-5": 4.3701797,
	"BBR": 6.7910085,
	"BBRinnerGroup0-0": 6.122571,
	"BBRinnerGroup1-1": 6.36356,
	"BBRinnerGroup2-2": 9.265482,
	"BBRinnerCluster1": 4.1453567,
	"BBRinnerCluster2": 1.802168,
	"BBRinnerCluster3": 1.6912086,
	"BBRinnerCluster4": 0.10695188,
	"BBRinnerCluster5": 3.5935562,
	"BBRinnerCluster6": 0.0,
	"BBRcrossGroup0-1": 8.888696,
	"BBRcrossGroup0-2": 6.620057,
	"BBRcrossGroup1-0": 3.8959608,
	"BBRcrossGroup1-2": 2.6399446,
	"BBRcrossGroup2-0": 6.883021,
	"BBRcrossGroup2-1": 6.339767,
	"BBRcrossCluster1-2": 8.296944,
	"BBRcrossCluster1-3": 5.6107225,
	"BBRcrossCluster1-4": 11.850225,
	"BBRcrossCluster1-5": 3.8776238,
	"BBRcrossCluster1-6": 7.6819406,
	"BBRcrossCluster2-1": 10.309658,
	"BBRcrossCluster2-3": 16.62371,
	"BBRcrossCluster2-4": 1.224883,
	"BBRcrossCluster2-5": 7.5347223,
	"BBRcrossCluster2-6": 7.5022063,
	"BBRcrossCluster3-1": 1.2340484,
	"BBRcrossCluster3-2": 7.822086,
	"BBRcrossCluster3-4": 9.181179,
	"BBRcrossCluster3-5": 5.53052,
	"BBRcrossCluster3-6": 0.29027575,
	"BBRcrossCluster4-1": 6.2197766,
	"BBRcrossCluster4-2": 0.27192387,
	"BBRcrossCluster4-3": 11.852841,
	"BBRcrossCluster4-5": 2.5423727,
	"BBRcrossCluster4-6": 1.1918951,
	"BBRcrossCluster5-1": 8.291874,
	"BBRcrossCluster5-2": 7.776636,
	"BBRcrossCluster5-3": 10.558912,
	"BBRcrossCluster5-4": 4.7287116,
	"BBRcrossCluster5-6": 16.361256,
	"BBRcrossCluster6-1": 6.0160427,
	"BBRcrossCluster6-2": 3.1399913,
	"BBRcrossCluster6-3": 4.282016,
	"BBRcrossCluster5-4": 2.0272005,
	"BBRcrossCluster6-5": 8.935611,
	"LP": 96620,
	"TR": 1.0,
	"VH": 1.0,
	"PH": 3.504512523287104,
	"OXCAST": 0.029781981470034743,
	"Spec": 65.59166666666667,
	"Frag": 41.17757099151401,
	"PC": 1805509.5969386545,
	"TP": 1.744494988916459E11,
	"EE": 0.013420119735936443,
	"EEE": 0.012508758267657055,
	"BPSK": 100.0,
	"QPSK": 0.0,
	"8QAM": 0.0,
	"16QAM": 0.0,
	"32QAM": 0.0,
	"64QAM": 0.0,
	"MetCos":0.0,
	"MetPC":0.0,
	"LPGrooming": 0.0,
	"STP": 0.00429550527840978,
	"TSTP": 415.03171999995294,
	"STmax": 0.0,
	"TSTmax": 0.0,
	"JFI_BR": 0.19274934,
	"JFI_BBR": 0.22372898,
	"Time(ms)": 0.18721
}

