{
	"Load": 180.0,
	"TDR": 2502554587,
	"TDT": 2451225909,
	"BR": 0.906,
	"BRInnerGroup0-0": 0.88661855,
	"BRInnerGroup1-1": 0.6891335,
	"BRInnerGroup2-2": 1.183432,
	"BRInnerCluster1": 0.5415651,
	"BRInnerCluster2": 0.21715528,
	"BRInnerCluster3": 0.0,
	"BRInnerCluster4": 0.5415651,
	"BRInnerCluster5": 0.21715528,
	"BRInnerCluster6": 0.0,
	"BRCrossGroup0-1": 1.3234485,
	"BRCrossGroup0-2": 0.9106678,
	"BRCrossGroup1-0": 0.336725,
	"BRCrossGroup1-2": 0.27114967,
	"BRCrossGroup2-0": 1.0282214,
	"BRCrossGroup2-1": 0.6560658,
	"BRCrossCluster1-2": 1.1685728,
	"BRCrossCluster1-3": 0.6906226,
	"BRCrossCluster1-4": 2.1787095,
	"BRCrossCluster1-5": 1.0067114,
	"BRCrossCluster1-6": 0.5499542,
	"BRCrossCluster2-1": 1.5651336,
	"BRCrossCluster2-3": 2.4129574,
	"BRCrossCluster2-4": 0.0813449,
	"BRCrossCluster2-5": 1.1619959,
	"BRCrossCluster2-6": 0.6255585,
	"BRCrossCluster3-1": 0.055478502,
	"BRCrossCluster3-2": 0.9315069,
	"BRCrossCluster3-4": 1.4097456,
	"BRCrossCluster3-5": 0.7535795,
	"BRCrossCluster3-6": 0.0,
	"BRCrossCluster4-1": 0.33738193,
	"BRCrossCluster4-2": 0.0,
	"BRCrossCluster4-3": 1.0762608,
	"BRCrossCluster4-5": 0.0,
	"BRCrossCluster4-6": 0.0,
	"BRCrossCluster5-1": 1.693767,
	"BRCrossCluster5-2": 0.7654836,
	"BRCrossCluster5-3": 1.3352685,
	"BRCrossCluster5-4": 0.60905975,
	"BRCrossCluster5-6": 1.604278,
	"BRCrossCluster6-1": 1.1680144,
	"BRCrossCluster6-2": 0.27522936,
	"BRCrossCluster6-3": 0.2792182,
	"BRCrossCluster6-4": 0.0,
	"BRCrossCluster6-5": 1.4354067,
	"BBR": 2.0780027,
	"BBRinnerGroup0-0": 2.0590496,
	"BBRinnerGroup1-1": 1.5986092,
	"BBRinnerGroup2-2": 2.5527737,
	"BBRinnerCluster1": 1.4448458,
	"BBRinnerCluster2": 0.56398547,
	"BBRinnerCluster3": 0.0,
	"BBRinnerCluster4": 0.14955135,
	"BBRinnerCluster5": 1.4354067,
	"BBRinnerCluster6": 0.0,
	"BBRcrossGroup0-1": 2.9702685,
	"BBRcrossGroup0-2": 2.154476,
	"BBRcrossGroup1-0": 0.8444086,
	"BBRcrossGroup1-2": 0.54288816,
	"BBRcrossGroup2-0": 2.4680476,
	"BBRcrossGroup2-1": 1.5162414,
	"BBRcrossCluster1-2": 2.5936234,
	"BBRcrossCluster1-3": 1.6602811,
	"BBRcrossCluster1-4": 4.654403,
	"BBRcrossCluster1-5": 2.5394647,
	"BBRcrossCluster1-6": 1.402715,
	"BBRcrossCluster2-1": 3.5299752,
	"BBRcrossCluster2-3": 5.4902177,
	"BBRcrossCluster2-4": 0.17636684,
	"BBRcrossCluster2-5": 2.3695056,
	"BBRcrossCluster2-6": 1.4699525,
	"BBRcrossCluster3-1": 0.13925639,
	"BBRcrossCluster3-2": 2.3694723,
	"BBRcrossCluster3-4": 3.4407935,
	"BBRcrossCluster3-5": 1.5779092,
	"BBRcrossCluster3-6": 0.0,
	"BBRcrossCluster4-1": 0.7922099,
	"BBRcrossCluster4-2": 0.0,
	"BBRcrossCluster4-3": 2.307216,
	"BBRcrossCluster4-5": 0.0,
	"BBRcrossCluster4-6": 0.0,
	"BBRcrossCluster5-1": 4.2105265,
	"BBRcrossCluster5-2": 2.1104467,
	"BBRcrossCluster5-3": 2.9867728,
	"BBRcrossCluster5-4": 1.5601218,
	"BBRcrossCluster5-6": 3.994674,
	"BBRcrossCluster6-1": 2.5419881,
	"BBRcrossCluster6-2": 0.65268064,
	"BBRcrossCluster6-3": 0.6883984,
	"BBRcrossCluster5-4": 0.0,
	"BBRcrossCluster6-5": 2.706027,
	"LP": 99094,
	"TR": 1.0,
	"VH": 1.0,
	"PH": 3.5245221708680647,
	"OXCAST": 0.07501102602253462,
	"Spec": 72.86666666666666,
	"Frag": 33.86949342738931,
	"PC": 1813542.5084027287,
	"TP": 1.7971155195650064E11,
	"EE": 0.0136397793147617,
	"EEE": 0.013356344333517811,
	"BPSK": 100.0,
	"QPSK": 0.0,
	"8QAM": 0.0,
	"16QAM": 0.0,
	"32QAM": 0.0,
	"64QAM": 0.0,
	"MetCos":0.0,
	"MetPC":0.0,
	"LPGrooming": 0.0,
	"STP": 0.004319917048458395,
	"TSTP": 428.07785999993615,
	"STmax": 0.0,
	"TSTmax": 0.0,
	"JFI_BR": 0.10234419,
	"JFI_BBR": 0.11138115,
	"Time(ms)": 0.20335
}

