{
	"Load": 210.0,
	"TDR": 2502554587,
	"TDT": 2399774977,
	"BR": 2.034,
	"BRInnerGroup0-0": 2.0433328,
	"BRInnerGroup1-1": 1.7648542,
	"BRInnerGroup2-2": 4.3392506,
	"BRInnerCluster1": 1.3268346,
	"BRInnerCluster2": 0.48859933,
	"BRInnerCluster3": 0.26737967,
	"BRInnerCluster4": 1.3268346,
	"BRInnerCluster5": 0.48859933,
	"BRInnerCluster6": 0.26737967,
	"BRCrossGroup0-1": 2.707712,
	"BRCrossGroup0-2": 2.1682568,
	"BRCrossGroup1-0": 0.8564527,
	"BRCrossGroup1-2": 0.7592191,
	"BRCrossGroup2-0": 2.2314591,
	"BRCrossGroup2-1": 1.6679639,
	"BRCrossCluster1-2": 2.8841372,
	"BRCrossCluster1-3": 1.467573,
	"BRCrossCluster1-4": 4.0678434,
	"BRCrossCluster1-5": 2.1476512,
	"BRCrossCluster1-6": 1.8331805,
	"BRCrossCluster2-1": 3.3469782,
	"BRCrossCluster2-3": 5.189511,
	"BRCrossCluster2-4": 0.21691975,
	"BRCrossCluster2-5": 2.3923445,
	"BRCrossCluster2-6": 2.1447723,
	"BRCrossCluster3-1": 0.19417477,
	"BRCrossCluster3-2": 1.890411,
	"BRCrossCluster3-4": 2.6969047,
	"BRCrossCluster3-5": 1.2057272,
	"BRCrossCluster3-6": 0.0952381,
	"BRCrossCluster4-1": 1.2145749,
	"BRCrossCluster4-2": 0.07042253,
	"BRCrossCluster4-3": 3.4440346,
	"BRCrossCluster4-5": 1.1754068,
	"BRCrossCluster4-6": 0.12391574,
	"BRCrossCluster5-1": 3.1842816,
	"BRCrossCluster5-2": 2.157272,
	"BRCrossCluster5-3": 2.8737302,
	"BRCrossCluster5-4": 1.294252,
	"BRCrossCluster5-6": 6.9518714,
	"BRCrossCluster6-1": 2.0664868,
	"BRCrossCluster6-2": 0.9174312,
	"BRCrossCluster6-3": 0.9573195,
	"BRCrossCluster6-4": 0.5065856,
	"BRCrossCluster6-5": 4.30622,
	"BBR": 4.370315,
	"BBRinnerGroup0-0": 4.1743093,
	"BBRinnerGroup1-1": 4.062248,
	"BBRinnerGroup2-2": 9.769268,
	"BBRinnerCluster1": 3.042512,
	"BBRinnerCluster2": 1.2085403,
	"BBRinnerCluster3": 0.75063807,
	"BBRinnerCluster4": 0.0997009,
	"BBRinnerCluster5": 3.1100478,
	"BBRinnerCluster6": 0.0,
	"BBRcrossGroup0-1": 5.68784,
	"BBRcrossGroup0-2": 4.5028543,
	"BBRcrossGroup1-0": 2.0706365,
	"BBRcrossGroup1-2": 1.8322475,
	"BBRcrossGroup2-0": 4.947113,
	"BBRcrossGroup2-1": 3.624592,
	"BBRcrossCluster1-2": 5.4908905,
	"BBRcrossCluster1-3": 3.4589186,
	"BBRcrossCluster1-4": 8.298494,
	"BBRcrossCluster1-5": 4.6328073,
	"BBRcrossCluster1-6": 3.2579188,
	"BBRcrossCluster2-1": 6.8206296,
	"BBRcrossCluster2-3": 10.59024,
	"BBRcrossCluster2-4": 0.5630172,
	"BBRcrossCluster2-5": 4.7733517,
	"BBRcrossCluster2-6": 4.4098573,
	"BBRcrossCluster3-1": 0.5291742,
	"BBRcrossCluster3-2": 4.6976166,
	"BBRcrossCluster3-4": 6.3391194,
	"BBRcrossCluster3-5": 3.0374753,
	"BBRcrossCluster3-6": 0.28328612,
	"BBRcrossCluster4-1": 2.7232215,
	"BBRcrossCluster4-2": 0.17992084,
	"BBRcrossCluster4-3": 7.6649113,
	"BBRcrossCluster4-5": 2.5595763,
	"BBRcrossCluster4-6": 0.24539877,
	"BBRcrossCluster5-1": 7.13073,
	"BBRcrossCluster5-2": 4.713331,
	"BBRcrossCluster5-3": 6.10155,
	"BBRcrossCluster5-4": 3.1963472,
	"BBRcrossCluster5-6": 14.780293,
	"BBRcrossCluster6-1": 4.766228,
	"BBRcrossCluster6-2": 1.958042,
	"BBRcrossCluster6-3": 2.1461835,
	"BBRcrossCluster5-4": 0.99601597,
	"BBRcrossCluster6-5": 10.824108,
	"LP": 97966,
	"TR": 1.0,
	"VH": 1.0,
	"PH": 3.5180674928036257,
	"OXCAST": 0.0456665444964772,
	"Spec": 68.95833333333333,
	"Frag": 38.02511858609851,
	"PC": 1810949.0337235285,
	"TP": 1.7741217637086148E11,
	"EE": 0.01352655170625675,
	"EEE": 0.012935398777921275,
	"BPSK": 100.0,
	"QPSK": 0.0,
	"8QAM": 0.0,
	"16QAM": 0.0,
	"32QAM": 0.0,
	"64QAM": 0.0,
	"MetCos":0.0,
	"MetPC":0.0,
	"LPGrooming": 0.0,
	"STP": 0.004312042341219818,
	"TSTP": 422.4335399999407,
	"STmax": 0.0,
	"TSTmax": 0.0,
	"JFI_BR": 0.143041,
	"JFI_BBR": 0.16653928,
	"Time(ms)": 0.19513
}

