{
	"Load": 150.0,
	"TDR": 2502554587,
	"TDT": 2485190289,
	"BR": 0.281,
	"BRInnerGroup0-0": 0.31706887,
	"BRInnerGroup1-1": 0.117656946,
	"BRInnerGroup2-2": 0.49309665,
	"BRInnerCluster1": 0.2437043,
	"BRInnerCluster2": 0.02714441,
	"BRInnerCluster3": 0.0,
	"BRInnerCluster4": 0.2437043,
	"BRInnerCluster5": 0.02714441,
	"BRInnerCluster6": 0.0,
	"BRCrossGroup0-1": 0.4546639,
	"BRCrossGroup0-2": 0.3469211,
	"BRCrossGroup1-0": 0.058560863,
	"BRCrossGroup1-2": 0.054229937,
	"BRCrossGroup2-0": 0.19689347,
	"BRCrossGroup2-1": 0.17791617,
	"BRCrossCluster1-2": 0.47240177,
	"BRCrossCluster1-3": 0.16186468,
	"BRCrossCluster1-4": 0.99282956,
	"BRCrossCluster1-5": 0.40268457,
	"BRCrossCluster1-6": 0.18331805,
	"BRCrossCluster2-1": 0.52973753,
	"BRCrossCluster2-3": 0.71617454,
	"BRCrossCluster2-4": 0.027114969,
	"BRCrossCluster2-5": 0.6151743,
	"BRCrossCluster2-6": 0.17873101,
	"BRCrossCluster3-1": 0.0,
	"BRCrossCluster3-2": 0.16438356,
	"BRCrossCluster3-4": 0.2758198,
	"BRCrossCluster3-5": 0.07535795,
	"BRCrossCluster3-6": 0.0,
	"BRCrossCluster4-1": 0.067476384,
	"BRCrossCluster4-2": 0.0,
	"BRCrossCluster4-3": 0.15375154,
	"BRCrossCluster4-5": 0.09041592,
	"BRCrossCluster4-6": 0.0,
	"BRCrossCluster5-1": 0.33875337,
	"BRCrossCluster5-2": 0.13917884,
	"BRCrossCluster5-3": 0.34833091,
	"BRCrossCluster5-4": 0.19033118,
	"BRCrossCluster5-6": 1.0695187,
	"BRCrossCluster6-1": 0.17969452,
	"BRCrossCluster6-2": 0.0,
	"BRCrossCluster6-3": 0.07977663,
	"BRCrossCluster6-4": 0.0,
	"BRCrossCluster6-5": 0.23923445,
	"BBR": 0.66946733,
	"BBRinnerGroup0-0": 0.77214366,
	"BBRinnerGroup1-1": 0.33922744,
	"BBRinnerGroup2-2": 1.0800197,
	"BBRinnerCluster1": 0.58349544,
	"BBRinnerCluster2": 0.08056936,
	"BBRinnerCluster3": 0.0,
	"BBRinnerCluster4": 0.0,
	"BBRinnerCluster5": 0.0,
	"BBRinnerCluster6": 0.0,
	"BBRcrossGroup0-1": 1.0252264,
	"BBRcrossGroup0-2": 0.9264247,
	"BBRcrossGroup1-0": 0.1688817,
	"BBRcrossGroup1-2": 0.13572204,
	"BBRcrossGroup2-0": 0.52886736,
	"BBRcrossGroup2-1": 0.4094959,
	"BBRcrossCluster1-2": 1.1513158,
	"BBRcrossCluster1-3": 0.45764154,
	"BBRcrossCluster1-4": 2.1808808,
	"BBRcrossCluster1-5": 0.96087855,
	"BBRcrossCluster1-6": 0.54298645,
	"BBRcrossCluster2-1": 1.3162619,
	"BBRcrossCluster2-3": 1.5662783,
	"BBRcrossCluster2-4": 0.0678334,
	"BBRcrossCluster2-5": 1.5796704,
	"BBRcrossCluster2-6": 0.51880676,
	"BBRcrossCluster3-1": 0.0,
	"BBRcrossCluster3-2": 0.49593607,
	"BBRcrossCluster3-4": 0.80595165,
	"BBRcrossCluster3-5": 0.2366864,
	"BBRcrossCluster3-6": 0.0,
	"BBRcrossCluster4-1": 0.16504373,
	"BBRcrossCluster4-2": 0.0,
	"BBRcrossCluster4-3": 0.43357074,
	"BBRcrossCluster4-5": 0.17652251,
	"BBRcrossCluster4-6": 0.0,
	"BBRcrossCluster5-1": 0.950764,
	"BBRcrossCluster5-2": 0.3517411,
	"BBRcrossCluster5-3": 0.7964727,
	"BBRcrossCluster5-4": 0.49467278,
	"BBRcrossCluster5-6": 2.1304927,
	"BBRcrossCluster6-1": 0.45392647,
	"BBRcrossCluster6-2": 0.0,
	"BBRcrossCluster6-3": 0.16197611,
	"BBRcrossCluster5-4": 0.0,
	"BBRcrossCluster6-5": 0.73800737,
	"LP": 99719,
	"TR": 1.0,
	"VH": 1.0,
	"PH": 3.5262587871920097,
	"OXCAST": 0.19312455290745678,
	"Spec": 77.125,
	"Frag": 28.807883083686235,
	"PC": 1814242.706862841,
	"TP": 1.809147547447152E11,
	"EE": 0.013736802686474063,
	"EEE": 0.013644839280304449,
	"BPSK": 100.0,
	"QPSK": 0.0,
	"8QAM": 0.0,
	"16QAM": 0.0,
	"32QAM": 0.0,
	"64QAM": 0.0,
	"MetCos":0.0,
	"MetPC":0.0,
	"LPGrooming": 0.0,
	"STP": 0.004322035720373585,
	"TSTP": 430.9890799999335,
	"STmax": 0.0,
	"TSTmax": 0.0,
	"JFI_BR": 0.051619392,
	"JFI_BBR": 0.056290925,
	"Time(ms)": 0.11664
}

