{
	"Load": 240.0,
	"TDR": 2504070571,
	"TDT": 2326613986,
	"BR": 3.461,
	"BRInnerGroup0-0": 3.4309077,
	"BRInnerGroup1-1": 3.3227053,
	"BRInnerGroup2-2": 6.777996,
	"BRInnerCluster1": 1.9388312,
	"BRInnerCluster2": 0.8882907,
	"BRInnerCluster3": 0.41953853,
	"BRInnerCluster4": 1.9388312,
	"BRInnerCluster5": 0.8882907,
	"BRInnerCluster6": 0.41953853,
	"BRCrossGroup0-1": 4.506407,
	"BRCrossGroup0-2": 3.3512354,
	"BRCrossGroup1-0": 1.968504,
	"BRCrossGroup1-2": 1.1839207,
	"BRCrossGroup2-0": 2.9437609,
	"BRCrossGroup2-1": 2.825607,
	"BRCrossCluster1-2": 5.171981,
	"BRCrossCluster1-3": 2.4563317,
	"BRCrossCluster1-4": 6.1384535,
	"BRCrossCluster1-5": 4.616385,
	"BRCrossCluster1-6": 2.5092938,
	"BRCrossCluster2-1": 5.4445553,
	"BRCrossCluster2-3": 8.817062,
	"BRCrossCluster2-4": 0.635221,
	"BRCrossCluster2-5": 3.8043478,
	"BRCrossCluster2-6": 2.4085636,
	"BRCrossCluster3-1": 0.7036536,
	"BRCrossCluster3-2": 4.212254,
	"BRCrossCluster3-4": 6.035283,
	"BRCrossCluster3-5": 2.1849964,
	"BRCrossCluster3-6": 0.10050251,
	"BRCrossCluster4-1": 2.8792136,
	"BRCrossCluster4-2": 0.20526858,
	"BRCrossCluster4-3": 5.424955,
	"BRCrossCluster4-5": 0.8595988,
	"BRCrossCluster4-6": 0.61652285,
	"BRCrossCluster5-1": 3.809524,
	"BRCrossCluster5-2": 2.8985507,
	"BRCrossCluster5-3": 4.7073026,
	"BRCrossCluster5-4": 2.5179856,
	"BRCrossCluster5-6": 10.103627,
	"BRCrossCluster6-1": 2.7079303,
	"BRCrossCluster6-2": 1.9390581,
	"BRCrossCluster6-3": 1.4084507,
	"BRCrossCluster6-4": 1.2481278,
	"BRCrossCluster6-5": 6.8027215,
	"BBR": 6.978275,
	"BBRinnerGroup0-0": 6.4457483,
	"BBRinnerGroup1-1": 6.5946946,
	"BBRinnerGroup2-2": 15.002483,
	"BBRinnerCluster1": 3.5016835,
	"BBRinnerCluster2": 2.0323572,
	"BBRinnerCluster3": 0.99955237,
	"BBRinnerCluster4": 1.0199126,
	"BBRinnerCluster5": 5.7356606,
	"BBRinnerCluster6": 0.0,
	"BBRcrossGroup0-1": 8.814384,
	"BBRcrossGroup0-2": 6.654463,
	"BBRcrossGroup1-0": 4.618416,
	"BBRcrossGroup1-2": 2.7345393,
	"BBRcrossGroup2-0": 6.118823,
	"BBRcrossGroup2-1": 6.346896,
	"BBRcrossCluster1-2": 9.13642,
	"BBRcrossCluster1-3": 5.193477,
	"BBRcrossCluster1-4": 12.001348,
	"BBRcrossCluster1-5": 9.334183,
	"BBRcrossCluster1-6": 3.9697542,
	"BBRcrossCluster2-1": 10.841584,
	"BBRcrossCluster2-3": 16.668491,
	"BBRcrossCluster2-4": 1.5584415,
	"BBRcrossCluster2-5": 6.912911,
	"BBRcrossCluster2-6": 4.898136,
	"BBRcrossCluster3-1": 1.9417475,
	"BBRcrossCluster3-2": 9.483465,
	"BBRcrossCluster3-4": 11.870118,
	"BBRcrossCluster3-5": 4.776232,
	"BBRcrossCluster3-6": 0.29571217,
	"BBRcrossCluster4-1": 6.705284,
	"BBRcrossCluster4-2": 0.585702,
	"BBRcrossCluster4-3": 10.568112,
	"BBRcrossCluster4-5": 2.4813895,
	"BBRcrossCluster4-6": 1.4962593,
	"BBRcrossCluster5-1": 7.5607257,
	"BBRcrossCluster5-2": 6.786427,
	"BBRcrossCluster5-3": 10.454195,
	"BBRcrossCluster5-4": 5.309735,
	"BBRcrossCluster5-6": 22.222223,
	"BBRcrossCluster6-1": 4.667329,
	"BBRcrossCluster6-2": 4.195804,
	"BBRcrossCluster6-3": 3.2665331,
	"BBRcrossCluster5-4": 3.1552162,
	"BBRcrossCluster6-5": 14.866434,
	"LP": 96539,
	"TR": 1.0,
	"VH": 1.0,
	"PH": 3.503672091072002,
	"OXCAST": 0.02575998866061287,
	"Spec": 65.68333333333334,
	"Frag": 41.18970287996257,
	"PC": 1805174.3004611242,
	"TP": 1.7426967718396713E11,
	"EE": 0.013350652985624795,
	"EEE": 0.01241900772972496,
	"BPSK": 100.0,
	"QPSK": 0.0,
	"8QAM": 0.0,
	"16QAM": 0.0,
	"32QAM": 0.0,
	"64QAM": 0.0,
	"MetCos":0.0,
	"MetPC":0.0,
	"LPGrooming": 0.0,
	"STP": 0.004294479951107355,
	"TSTP": 414.5847999999529,
	"STmax": 0.0,
	"TSTmax": 0.0,
	"JFI_BR": 0.18524547,
	"JFI_BBR": 0.22278574,
	"Time(ms)": 0.11787
}

