{
	"Load": 180.0,
	"TDR": 2518368159,
	"TDT": 2465003668,
	"BR": 0.98200005,
	"BRInnerGroup0-0": 1.0551416,
	"BRInnerGroup1-1": 0.5973617,
	"BRInnerGroup2-2": 2.2155085,
	"BRInnerCluster1": 0.35951328,
	"BRInnerCluster2": 0.19209659,
	"BRInnerCluster3": 0.05961252,
	"BRInnerCluster4": 0.35951328,
	"BRInnerCluster5": 0.19209659,
	"BRInnerCluster6": 0.05961252,
	"BRCrossGroup0-1": 1.3895782,
	"BRCrossGroup0-2": 1.1089367,
	"BRCrossGroup1-0": 0.3512293,
	"BRCrossGroup1-2": 0.22111663,
	"BRCrossGroup2-0": 0.9180188,
	"BRCrossGroup2-1": 0.9259259,
	"BRCrossCluster1-2": 1.5605648,
	"BRCrossCluster1-3": 0.4764543,
	"BRCrossCluster1-4": 2.5808203,
	"BRCrossCluster1-5": 0.96818817,
	"BRCrossCluster1-6": 1.344086,
	"BRCrossCluster2-1": 1.6881827,
	"BRCrossCluster2-3": 2.5943916,
	"BRCrossCluster2-4": 0.082281955,
	"BRCrossCluster2-5": 1.9903911,
	"BRCrossCluster2-6": 0.44682753,
	"BRCrossCluster3-1": 0.05544774,
	"BRCrossCluster3-2": 0.6833114,
	"BRCrossCluster3-4": 1.2677331,
	"BRCrossCluster3-5": 0.4538578,
	"BRCrossCluster3-6": 0.0,
	"BRCrossCluster4-1": 0.6369427,
	"BRCrossCluster4-2": 0.06800408,
	"BRCrossCluster4-3": 0.80959517,
	"BRCrossCluster4-5": 0.18621974,
	"BRCrossCluster4-6": 0.0,
	"BRCrossCluster5-1": 1.0928961,
	"BRCrossCluster5-2": 1.7496636,
	"BRCrossCluster5-3": 1.605574,
	"BRCrossCluster5-4": 0.7039644,
	"BRCrossCluster5-6": 3.7135277,
	"BRCrossCluster6-1": 0.93457943,
	"BRCrossCluster6-2": 0.33898306,
	"BRCrossCluster6-3": 0.23282887,
	"BRCrossCluster6-4": 0.3974168,
	"BRCrossCluster6-5": 2.0050125,
	"BBR": 2.1139276,
	"BBRinnerGroup0-0": 2.0860069,
	"BBRinnerGroup1-1": 1.4049277,
	"BBRinnerGroup2-2": 5.4659033,
	"BBRinnerCluster1": 0.91387427,
	"BBRinnerCluster2": 0.44186687,
	"BBRinnerCluster3": 0.1472971,
	"BBRinnerCluster4": 0.14767413,
	"BBRinnerCluster5": 0.5249344,
	"BBRinnerCluster6": 0.0,
	"BBRcrossGroup0-1": 2.8777187,
	"BBRcrossGroup0-2": 2.4291067,
	"BBRcrossGroup1-0": 0.80034614,
	"BBRcrossGroup1-2": 0.59929174,
	"BBRcrossGroup2-0": 2.0550847,
	"BBRcrossGroup2-1": 2.3415754,
	"BBRcrossCluster1-2": 2.7229242,
	"BBRcrossCluster1-3": 1.0530443,
	"BBRcrossCluster1-4": 5.001339,
	"BBRcrossCluster1-5": 1.5104703,
	"BBRcrossCluster1-6": 2.8534372,
	"BBRcrossCluster2-1": 3.5408127,
	"BBRcrossCluster2-3": 5.532174,
	"BBRcrossCluster2-4": 0.2158953,
	"BBRcrossCluster2-5": 4.6875,
	"BBRcrossCluster2-6": 0.80357146,
	"BBRcrossCluster3-1": 0.16574585,
	"BBRcrossCluster3-2": 1.4799154,
	"BBRcrossCluster3-4": 2.9245136,
	"BBRcrossCluster3-5": 1.2241775,
	"BBRcrossCluster3-6": 0.0,
	"BBRcrossCluster4-1": 1.4771557,
	"BBRcrossCluster4-2": 0.20266849,
	"BBRcrossCluster4-3": 1.968504,
	"BBRcrossCluster4-5": 0.54819554,
	"BBRcrossCluster4-6": 0.0,
	"BBRcrossCluster5-1": 2.3084993,
	"BBRcrossCluster5-2": 3.8324132,
	"BBRcrossCluster5-3": 4.137827,
	"BBRcrossCluster5-4": 1.7078489,
	"BBRcrossCluster5-6": 9.066306,
	"BBRcrossCluster6-1": 1.8661811,
	"BBRcrossCluster6-2": 0.85689807,
	"BBRcrossCluster6-3": 0.61162084,
	"BBRcrossCluster5-4": 0.9987515,
	"BBRcrossCluster6-5": 4.884319,
	"LP": 99018,
	"TR": 1.0,
	"VH": 1.0,
	"PH": 3.5286917530146034,
	"OXCAST": 0.09404878281900494,
	"Spec": 72.525,
	"Frag": 34.15797271631204,
	"PC": 1815215.0383500506,
	"TP": 1.7974071713083496E11,
	"EE": 0.013714219612274611,
	"EEE": 0.013424310938386523,
	"BPSK": 100.0,
	"QPSK": 0.0,
	"8QAM": 0.0,
	"16QAM": 0.0,
	"32QAM": 0.0,
	"64QAM": 0.0,
	"MetCos":0.0,
	"MetPC":0.0,
	"LPGrooming": 0.0,
	"STP": 0.00432500393867724,
	"TSTP": 428.253239999943,
	"STmax": 0.0,
	"TSTmax": 0.0,
	"JFI_BR": 0.10293951,
	"JFI_BBR": 0.11729975,
	"Time(ms)": 0.17323
}

