{
	"Load": 210.0,
	"TDR": 2498972186,
	"TDT": 2392996253,
	"BR": 2.079,
	"BRInnerGroup0-0": 2.1057003,
	"BRInnerGroup1-1": 1.6433302,
	"BRInnerGroup2-2": 4.222451,
	"BRInnerCluster1": 1.3344454,
	"BRInnerCluster2": 0.24576734,
	"BRInnerCluster3": 0.2762431,
	"BRInnerCluster4": 1.3344454,
	"BRInnerCluster5": 0.24576734,
	"BRInnerCluster6": 0.2762431,
	"BRCrossGroup0-1": 2.8670092,
	"BRCrossGroup0-2": 2.2084048,
	"BRCrossGroup1-0": 1.064446,
	"BRCrossGroup1-2": 0.5859375,
	"BRCrossGroup2-0": 1.7551463,
	"BRCrossGroup2-1": 1.6137885,
	"BRCrossCluster1-2": 3.2697546,
	"BRCrossCluster1-3": 1.5066965,
	"BRCrossCluster1-4": 4.1763024,
	"BRCrossCluster1-5": 2.6000001,
	"BRCrossCluster1-6": 2.0869565,
	"BRCrossCluster2-1": 3.0,
	"BRCrossCluster2-3": 5.5634494,
	"BRCrossCluster2-4": 0.22861752,
	"BRCrossCluster2-5": 3.030303,
	"BRCrossCluster2-6": 1.2287334,
	"BRCrossCluster3-1": 0.19146608,
	"BRCrossCluster3-2": 2.4724536,
	"BRCrossCluster3-4": 2.2974606,
	"BRCrossCluster3-5": 1.2288786,
	"BRCrossCluster3-6": 0.0,
	"BRCrossCluster4-1": 1.5182186,
	"BRCrossCluster4-2": 0.069905624,
	"BRCrossCluster4-3": 3.2315447,
	"BRCrossCluster4-5": 0.4591368,
	"BRCrossCluster4-6": 0.12210013,
	"BRCrossCluster5-1": 2.452698,
	"BRCrossCluster5-2": 2.4861877,
	"BRCrossCluster5-3": 2.5087514,
	"BRCrossCluster5-4": 1.7429193,
	"BRCrossCluster5-6": 4.8661804,
	"BRCrossCluster6-1": 1.6100179,
	"BRCrossCluster6-2": 0.8598452,
	"BRCrossCluster6-3": 0.81332296,
	"BRCrossCluster6-4": 0.62827224,
	"BRCrossCluster6-5": 5.289673,
	"BBR": 4.4084086,
	"BBRinnerGroup0-0": 4.3094215,
	"BBRinnerGroup1-1": 3.6781323,
	"BBRinnerGroup2-2": 8.412619,
	"BBRinnerCluster1": 2.7327657,
	"BBRinnerCluster2": 0.60307014,
	"BBRinnerCluster3": 0.7586102,
	"BBRinnerCluster4": 0.29282576,
	"BBRinnerCluster5": 4.6511626,
	"BBRinnerCluster6": 0.0,
	"BBRcrossGroup0-1": 5.834498,
	"BBRcrossGroup0-2": 4.855842,
	"BBRcrossGroup1-0": 2.3962362,
	"BBRcrossGroup1-2": 1.4862591,
	"BBRcrossGroup2-0": 3.9802597,
	"BBRcrossGroup2-1": 3.891137,
	"BBRcrossCluster1-2": 6.3276978,
	"BBRcrossCluster1-3": 3.3784914,
	"BBRcrossCluster1-4": 7.9785404,
	"BBRcrossCluster1-5": 6.0371,
	"BBRcrossCluster1-6": 4.4097996,
	"BBRcrossCluster2-1": 6.434184,
	"BBRcrossCluster2-3": 11.344676,
	"BBRcrossCluster2-4": 0.6179888,
	"BBRcrossCluster2-5": 6.2672176,
	"BBRcrossCluster2-6": 2.754954,
	"BBRcrossCluster3-1": 0.48807696,
	"BBRcrossCluster3-2": 5.531296,
	"BBRcrossCluster3-4": 5.328244,
	"BBRcrossCluster3-5": 3.1384854,
	"BBRcrossCluster3-6": 0.0,
	"BBRcrossCluster4-1": 3.2219365,
	"BBRcrossCluster4-2": 0.17642908,
	"BBRcrossCluster4-3": 7.028082,
	"BBRcrossCluster4-5": 1.2031467,
	"BBRcrossCluster4-6": 0.37878788,
	"BBRcrossCluster5-1": 5.607476,
	"BBRcrossCluster5-2": 5.2197804,
	"BBRcrossCluster5-3": 6.1163893,
	"BBRcrossCluster5-4": 3.9643571,
	"BBRcrossCluster5-6": 10.211267,
	"BBRcrossCluster6-1": 3.3467202,
	"BBRcrossCluster6-2": 2.1793797,
	"BBRcrossCluster6-3": 2.0139427,
	"BBRcrossCluster5-4": 1.3789446,
	"BBRcrossCluster6-5": 10.411311,
	"LP": 97921,
	"TR": 1.0,
	"VH": 1.0,
	"PH": 3.5321841075969402,
	"OXCAST": 0.0372149820748354,
	"Spec": 68.8,
	"Frag": 38.21107556881073,
	"PC": 1816607.1188532051,
	"TP": 1.7788547294032318E11,
	"EE": 0.01345245462400856,
	"EEE": 0.0128594154518275,
	"BPSK": 100.0,
	"QPSK": 0.0,
	"8QAM": 0.0,
	"16QAM": 0.0,
	"32QAM": 0.0,
	"64QAM": 0.0,
	"MetCos":0.0,
	"MetPC":0.0,
	"LPGrooming": 0.0,
	"STP": 0.004329264611267706,
	"TSTP": 423.92591999994505,
	"STmax": 0.0,
	"TSTmax": 0.0,
	"JFI_BR": 0.15494736,
	"JFI_BBR": 0.17800005,
	"Time(ms)": 0.27874
}

