{
	"Load": 60.0,
	"TDR": 2504070571,
	"TDT": 2504070571,
	"BR": 0.0,
	"BRInnerGroup0-0": 0.0,
	"BRInnerGroup1-1": 0.0,
	"BRInnerGroup2-2": 0.0,
	"BRInnerCluster1": 0.0,
	"BRInnerCluster2": 0.0,
	"BRInnerCluster3": 0.0,
	"BRInnerCluster4": 0.0,
	"BRInnerCluster5": 0.0,
	"BRInnerCluster6": 0.0,
	"BRCrossGroup0-1": 0.0,
	"BRCrossGroup0-2": 0.0,
	"BRCrossGroup1-0": 0.0,
	"BRCrossGroup1-2": 0.0,
	"BRCrossGroup2-0": 0.0,
	"BRCrossGroup2-1": 0.0,
	"BRCrossCluster1-2": 0.0,
	"BRCrossCluster1-3": 0.0,
	"BRCrossCluster1-4": 0.0,
	"BRCrossCluster1-5": 0.0,
	"BRCrossCluster1-6": 0.0,
	"BRCrossCluster2-1": 0.0,
	"BRCrossCluster2-3": 0.0,
	"BRCrossCluster2-4": 0.0,
	"BRCrossCluster2-5": 0.0,
	"BRCrossCluster2-6": 0.0,
	"BRCrossCluster3-1": 0.0,
	"BRCrossCluster3-2": 0.0,
	"BRCrossCluster3-4": 0.0,
	"BRCrossCluster3-5": 0.0,
	"BRCrossCluster3-6": 0.0,
	"BRCrossCluster4-1": 0.0,
	"BRCrossCluster4-2": 0.0,
	"BRCrossCluster4-3": 0.0,
	"BRCrossCluster4-5": 0.0,
	"BRCrossCluster4-6": 0.0,
	"BRCrossCluster5-1": 0.0,
	"BRCrossCluster5-2": 0.0,
	"BRCrossCluster5-3": 0.0,
	"BRCrossCluster5-4": 0.0,
	"BRCrossCluster5-6": 0.0,
	"BRCrossCluster6-1": 0.0,
	"BRCrossCluster6-2": 0.0,
	"BRCrossCluster6-3": 0.0,
	"BRCrossCluster6-4": 0.0,
	"BRCrossCluster6-5": 0.0,
	"BBR": 0.0,
	"BBRinnerGroup0-0": 0.0,
	"BBRinnerGroup1-1": 0.0,
	"BBRinnerGroup2-2": 0.0,
	"BBRinnerCluster1": 0.0,
	"BBRinnerCluster2": 0.0,
	"BBRinnerCluster3": 0.0,
	"BBRinnerCluster4": 0.0,
	"BBRinnerCluster5": 0.0,
	"BBRinnerCluster6": 0.0,
	"BBRcrossGroup0-1": 0.0,
	"BBRcrossGroup0-2": 0.0,
	"BBRcrossGroup1-0": 0.0,
	"BBRcrossGroup1-2": 0.0,
	"BBRcrossGroup2-0": 0.0,
	"BBRcrossGroup2-1": 0.0,
	"BBRcrossCluster1-2": 0.0,
	"BBRcrossCluster1-3": 0.0,
	"BBRcrossCluster1-4": 0.0,
	"BBRcrossCluster1-5": 0.0,
	"BBRcrossCluster1-6": 0.0,
	"BBRcrossCluster2-1": 0.0,
	"BBRcrossCluster2-3": 0.0,
	"BBRcrossCluster2-4": 0.0,
	"BBRcrossCluster2-5": 0.0,
	"BBRcrossCluster2-6": 0.0,
	"BBRcrossCluster3-1": 0.0,
	"BBRcrossCluster3-2": 0.0,
	"BBRcrossCluster3-4": 0.0,
	"BBRcrossCluster3-5": 0.0,
	"BBRcrossCluster3-6": 0.0,
	"BBRcrossCluster4-1": 0.0,
	"BBRcrossCluster4-2": 0.0,
	"BBRcrossCluster4-3": 0.0,
	"BBRcrossCluster4-5": 0.0,
	"BBRcrossCluster4-6": 0.0,
	"BBRcrossCluster5-1": 0.0,
	"BBRcrossCluster5-2": 0.0,
	"BBRcrossCluster5-3": 0.0,
	"BBRcrossCluster5-4": 0.0,
	"BBRcrossCluster5-6": 0.0,
	"BBRcrossCluster6-1": 0.0,
	"BBRcrossCluster6-2": 0.0,
	"BBRcrossCluster6-3": 0.0,
	"BBRcrossCluster5-4": 0.0,
	"BBRcrossCluster6-5": 0.0,
	"LP": 100000,
	"TR": 1.0,
	"VH": 1.0,
	"PH": 3.52076,
	"OXCAST": 7.103340022610485,
	"Spec": 90.83333333333333,
	"Frag": 9.597682651212812,
	"PC": 1812042.7337892514,
	"TP": 1.8120370850908386E11,
	"EE": 0.013819091185291439,
	"EEE": 0.013819091185291439,
	"BPSK": 100.0,
	"QPSK": 0.0,
	"8QAM": 0.0,
	"16QAM": 0.0,
	"32QAM": 0.0,
	"64QAM": 0.0,
	"MetCos":0.0,
	"MetPC":0.0,
	"LPGrooming": 0.0,
	"STP": 0.0043153271999993815,
	"TSTP": 431.53271999993814,
	"STmax": 0.0,
	"TSTmax": 0.0,
	"JFI_BR": 1.0,
	"JFI_BBR": 1.0,
	"Time(ms)": 0.15122
}

