{
	"Load": 300.0,
	"TDR": 2504070571,
	"TDT": 2444379029,
	"BR": 2.514,
	"BRInnerGroup0-0": 0.0,
	"BRInnerGroup1-1": 4.4126945,
	"BRInnerGroup2-2": 0.0,
	"BRInnerCluster1": 0.0,
	"BRInnerCluster2": 0.0,
	"BRInnerCluster3": 0,
	"BRInnerCluster4": 0.0,
	"BRInnerCluster5": 0.0,
	"BRInnerCluster6": 0,
	"BRCrossGroup0-1": 4.0501223,
	"BRCrossGroup0-2": 0.0,
	"BRCrossGroup1-0": 0.0,
	"BRCrossGroup1-2": 0.0,
	"BRCrossGroup2-0": 0.0,
	"BRCrossGroup2-1": 3.9892838,
	"BRCrossCluster1-2": 0.0,
	"BRCrossCluster1-3": 5.1739516,
	"BRCrossCluster1-4": 4.043926,
	"BRCrossCluster1-5": 0.0,
	"BRCrossCluster1-6": 1.750199,
	"BRCrossCluster2-1": 0.0,
	"BRCrossCluster2-3": 4.4361305,
	"BRCrossCluster2-4": 3.9866765,
	"BRCrossCluster2-5": 0.0,
	"BRCrossCluster2-6": 1.5272727,
	"BRCrossCluster3-1": 0.0,
	"BRCrossCluster3-2": 0.0,
	"BRCrossCluster3-4": 5.0811944,
	"BRCrossCluster3-5": 0.0,
	"BRCrossCluster3-6": 1.2148823,
	"BRCrossCluster4-1": 0.0,
	"BRCrossCluster4-2": 0.0,
	"BRCrossCluster4-3": 4.3108034,
	"BRCrossCluster4-5": 0.0,
	"BRCrossCluster4-6": 1.2804878,
	"BRCrossCluster5-1": 0.0,
	"BRCrossCluster5-2": 0.0,
	"BRCrossCluster5-3": 4.44243,
	"BRCrossCluster5-4": 4.335516,
	"BRCrossCluster5-6": 1.6779864,
	"BRCrossCluster6-1": 0.0,
	"BRCrossCluster6-2": 0.0,
	"BRCrossCluster6-3": 4.4715447,
	"BRCrossCluster6-4": 3.864222,
	"BRCrossCluster6-5": 0.0,
	"BBR": 2.5061343,
	"BBRinnerGroup0-0": 0.0,
	"BBRinnerGroup1-1": 4.4626765,
	"BBRinnerGroup2-2": 0.0,
	"BBRinnerCluster1": 0.0,
	"BBRinnerCluster2": 0.0,
	"BBRinnerCluster3": 0,
	"BBRinnerCluster4": 4.359175,
	"BBRinnerCluster5": 0.0,
	"BBRinnerCluster6": 1.4195585,
	"BBRcrossGroup0-1": 3.9378915,
	"BBRcrossGroup0-2": 0.0,
	"BBRcrossGroup1-0": 0.0,
	"BBRcrossGroup1-2": 0.0,
	"BBRcrossGroup2-0": 0.0,
	"BBRcrossGroup2-1": 4.002185,
	"BBRcrossCluster1-2": 0.0,
	"BBRcrossCluster1-3": 5.542831,
	"BBRcrossCluster1-4": 3.9601412,
	"BBRcrossCluster1-5": 0.0,
	"BBRcrossCluster1-6": 1.5568863,
	"BBRcrossCluster2-1": 0.0,
	"BBRcrossCluster2-3": 4.230566,
	"BBRcrossCluster2-4": 3.8211591,
	"BBRcrossCluster2-5": 0.0,
	"BBRcrossCluster2-6": 1.5892572,
	"BBRcrossCluster3-1": 0.0,
	"BBRcrossCluster3-2": 0.0,
	"BBRcrossCluster3-4": 5.1485653,
	"BBRcrossCluster3-5": 0.0,
	"BBRcrossCluster3-6": 1.2412723,
	"BBRcrossCluster4-1": 0.0,
	"BBRcrossCluster4-2": 0.0,
	"BBRcrossCluster4-3": 3.982301,
	"BBRcrossCluster4-5": 0.0,
	"BBRcrossCluster4-6": 1.2887574,
	"BBRcrossCluster5-1": 0.0,
	"BBRcrossCluster5-2": 0.0,
	"BBRcrossCluster5-3": 4.0375586,
	"BBRcrossCluster5-4": 4.5112786,
	"BBRcrossCluster5-6": 1.7801251,
	"BBRcrossCluster6-1": 0.0,
	"BBRcrossCluster6-2": 0.0,
	"BBRcrossCluster6-3": 4.2843947,
	"BBRcrossCluster5-4": 3.9637382,
	"BBRcrossCluster6-5": 0.0,
	"LP": 97486,
	"TR": 1.0,
	"VH": 1.0,
	"PH": 2.799622509898857,
	"OXCAST": 0.018250475695919813,
	"Spec": 93.95058139534883,
	"Frag": 6.72348298733916,
	"PC": 17318.301629116737,
	"TP": 1.6882041062457194E9,
	"EE": 1.4479167654886742,
	"EEE": 1.411630027204206,
	"BPSK": 100.0,
	"QPSK": 0.0,
	"8QAM": 0.0,
	"16QAM": 0.0,
	"32QAM": 0.0,
	"64QAM": 0.0,
	"MetCos":0.0,
	"MetPC":0.0,
	"LPGrooming": 0.0,
	"STP": 0.011000711897092839,
	"TSTP": 1072.4153999999926,
	"STmax": 0.0,
	"TSTmax": 0.0,
	"JFI_BR": 0.2638988,
	"JFI_BBR": 0.25086457,
	"Time(ms)": 0.14939
}

