{
	"Load": 180.0,
	"TDR": 2498972186,
	"TDT": 2498880200,
	"BR": 0.005,
	"BRInnerGroup0-0": 0.0,
	"BRInnerGroup1-1": 0.012564393,
	"BRInnerGroup2-2": 0.0,
	"BRInnerCluster1": 0.0,
	"BRInnerCluster2": 0.0,
	"BRInnerCluster3": 0,
	"BRInnerCluster4": 0.0,
	"BRInnerCluster5": 0.0,
	"BRInnerCluster6": 0,
	"BRCrossGroup0-1": 0.0046842797,
	"BRCrossGroup0-2": 0.0,
	"BRCrossGroup1-0": 0.0,
	"BRCrossGroup1-2": 0.0,
	"BRCrossGroup2-0": 0.0,
	"BRCrossGroup2-1": 0.008296001,
	"BRCrossCluster1-2": 0.0,
	"BRCrossCluster1-3": 0.0,
	"BRCrossCluster1-4": 0.0,
	"BRCrossCluster1-5": 0.0,
	"BRCrossCluster1-6": 0.0,
	"BRCrossCluster2-1": 0.0,
	"BRCrossCluster2-3": 0.0,
	"BRCrossCluster2-4": 0.010578652,
	"BRCrossCluster2-5": 0.0,
	"BRCrossCluster2-6": 0.0,
	"BRCrossCluster3-1": 0.0,
	"BRCrossCluster3-2": 0.0,
	"BRCrossCluster3-4": 0.052687038,
	"BRCrossCluster3-5": 0.0,
	"BRCrossCluster3-6": 0.0,
	"BRCrossCluster4-1": 0.0,
	"BRCrossCluster4-2": 0.0,
	"BRCrossCluster4-3": 0.0,
	"BRCrossCluster4-5": 0.0,
	"BRCrossCluster4-6": 0.0,
	"BRCrossCluster5-1": 0.0,
	"BRCrossCluster5-2": 0.0,
	"BRCrossCluster5-3": 0.0,
	"BRCrossCluster5-4": 0.0,
	"BRCrossCluster5-6": 0.0,
	"BRCrossCluster6-1": 0.0,
	"BRCrossCluster6-2": 0.0,
	"BRCrossCluster6-3": 0.0,
	"BRCrossCluster6-4": 0.01481262,
	"BRCrossCluster6-5": 0.0,
	"BBR": 0.005015825,
	"BBRinnerGroup0-0": 0.0,
	"BBRinnerGroup1-1": 0.009406748,
	"BBRinnerGroup2-2": 0.0,
	"BBRinnerCluster1": 0.0,
	"BBRinnerCluster2": 0.0,
	"BBRinnerCluster3": 0,
	"BBRinnerCluster4": 0.0066903057,
	"BBRinnerCluster5": 0.0,
	"BBRinnerCluster6": 0.0,
	"BBRcrossGroup0-1": 0.0046792384,
	"BBRcrossGroup0-2": 0.0,
	"BBRcrossGroup1-0": 0.0,
	"BBRcrossGroup1-2": 0.0,
	"BBRcrossGroup2-0": 0.0,
	"BBRcrossGroup2-1": 0.010373445,
	"BBRcrossCluster1-2": 0.0,
	"BBRcrossCluster1-3": 0.0,
	"BBRcrossCluster1-4": 0.0,
	"BBRcrossCluster1-5": 0.0,
	"BBRcrossCluster1-6": 0.0,
	"BBRcrossCluster2-1": 0.0,
	"BBRcrossCluster2-3": 0.0,
	"BBRcrossCluster2-4": 0.010538518,
	"BBRcrossCluster2-5": 0.0,
	"BBRcrossCluster2-6": 0.0,
	"BBRcrossCluster3-1": 0.0,
	"BBRcrossCluster3-2": 0.0,
	"BBRcrossCluster3-4": 0.053518865,
	"BBRcrossCluster3-5": 0.0,
	"BBRcrossCluster3-6": 0.0,
	"BBRcrossCluster4-1": 0.0,
	"BBRcrossCluster4-2": 0.0,
	"BBRcrossCluster4-3": 0.0,
	"BBRcrossCluster4-5": 0.0,
	"BBRcrossCluster4-6": 0.0,
	"BBRcrossCluster5-1": 0.0,
	"BBRcrossCluster5-2": 0.0,
	"BBRcrossCluster5-3": 0.0,
	"BBRcrossCluster5-4": 0.0,
	"BBRcrossCluster5-6": 0.0,
	"BBRcrossCluster6-1": 0.0,
	"BBRcrossCluster6-2": 0.0,
	"BBRcrossCluster6-3": 0.0,
	"BBRcrossCluster5-4": 0.018505495,
	"BBRcrossCluster6-5": 0.0,
	"LP": 99995,
	"TR": 1.0,
	"VH": 1.0,
	"PH": 2.8029101455072754,
	"OXCAST": 0.016582466466514272,
	"Spec": 96.24273255813954,
	"Frag": 3.8824814722909675,
	"PC": 17334.805663545765,
	"TP": 1.7345036862435422E9,
	"EE": 1.4406888955144783,
	"EEE": 1.4406166330818169,
	"BPSK": 100.0,
	"QPSK": 0.0,
	"8QAM": 0.0,
	"16QAM": 0.0,
	"32QAM": 0.0,
	"64QAM": 0.0,
	"MetCos":0.0,
	"MetPC":0.0,
	"LPGrooming": 0.0,
	"STP": 0.011027337766888147,
	"TSTP": 1102.6786399999803,
	"STmax": 0.0,
	"TSTmax": 0.0,
	"JFI_BR": 0.0072434354,
	"JFI_BBR": 0.0072433194,
	"Time(ms)": 0.12286
}

