{
	"Load": 210.0,
	"TDR": 2517270854,
	"TDT": 2514750838,
	"BR": 0.097,
	"BRInnerGroup0-0": 0.0,
	"BRInnerGroup1-1": 0.13077593,
	"BRInnerGroup2-2": 0.0,
	"BRInnerCluster1": 0.0,
	"BRInnerCluster2": 0.0,
	"BRInnerCluster3": 0,
	"BRInnerCluster4": 0.0,
	"BRInnerCluster5": 0.0,
	"BRInnerCluster6": 0,
	"BRCrossGroup0-1": 0.19367944,
	"BRCrossGroup0-2": 0.0,
	"BRCrossGroup1-0": 0.0,
	"BRCrossGroup1-2": 0.0,
	"BRCrossGroup2-0": 0.0,
	"BRCrossGroup2-1": 0.1450116,
	"BRCrossCluster1-2": 0.0,
	"BRCrossCluster1-3": 0.18518518,
	"BRCrossCluster1-4": 0.21505377,
	"BRCrossCluster1-5": 0.0,
	"BRCrossCluster1-6": 0.03968254,
	"BRCrossCluster2-1": 0.0,
	"BRCrossCluster2-3": 0.15584415,
	"BRCrossCluster2-4": 0.23048715,
	"BRCrossCluster2-5": 0.0,
	"BRCrossCluster2-6": 0.02421894,
	"BRCrossCluster3-1": 0.0,
	"BRCrossCluster3-2": 0.0,
	"BRCrossCluster3-4": 0.0508647,
	"BRCrossCluster3-5": 0.0,
	"BRCrossCluster3-6": 0.0,
	"BRCrossCluster4-1": 0.0,
	"BRCrossCluster4-2": 0.0,
	"BRCrossCluster4-3": 0.15440041,
	"BRCrossCluster4-5": 0.0,
	"BRCrossCluster4-6": 0.0,
	"BRCrossCluster5-1": 0.0,
	"BRCrossCluster5-2": 0.0,
	"BRCrossCluster5-3": 0.08873115,
	"BRCrossCluster5-4": 0.2596054,
	"BRCrossCluster5-6": 0.040225264,
	"BRCrossCluster6-1": 0.0,
	"BRCrossCluster6-2": 0.0,
	"BRCrossCluster6-3": 0.2896452,
	"BRCrossCluster6-4": 0.07475518,
	"BRCrossCluster6-5": 0.0,
	"BBR": 0.09521042,
	"BBRinnerGroup0-0": 0.0,
	"BBRinnerGroup1-1": 0.15400088,
	"BBRinnerGroup2-2": 0.0,
	"BBRinnerCluster1": 0.0,
	"BBRinnerCluster2": 0.0,
	"BBRinnerCluster3": 0,
	"BBRinnerCluster4": 0.2393458,
	"BBRinnerCluster5": 0.0,
	"BBRinnerCluster6": 0.045977008,
	"BBRcrossGroup0-1": 0.17492022,
	"BBRcrossGroup0-2": 0.0,
	"BBRcrossGroup1-0": 0.0,
	"BBRcrossGroup1-2": 0.0,
	"BBRcrossGroup2-0": 0.0,
	"BBRcrossGroup2-1": 0.13807599,
	"BBRcrossCluster1-2": 0.0,
	"BBRcrossCluster1-3": 0.13927576,
	"BBRcrossCluster1-4": 0.17002237,
	"BBRcrossCluster1-5": 0.0,
	"BBRcrossCluster1-6": 0.040617384,
	"BBRcrossCluster2-1": 0.0,
	"BBRcrossCluster2-3": 0.20455126,
	"BBRcrossCluster2-4": 0.21617632,
	"BBRcrossCluster2-5": 0.0,
	"BBRcrossCluster2-6": 0.012125622,
	"BBRcrossCluster3-1": 0.0,
	"BBRcrossCluster3-2": 0.0,
	"BBRcrossCluster3-4": 0.025654182,
	"BBRcrossCluster3-5": 0.0,
	"BBRcrossCluster3-6": 0.0,
	"BBRcrossCluster4-1": 0.0,
	"BBRcrossCluster4-2": 0.0,
	"BBRcrossCluster4-3": 0.20969857,
	"BBRcrossCluster4-5": 0.0,
	"BBRcrossCluster4-6": 0.0,
	"BBRcrossCluster5-1": 0.0,
	"BBRcrossCluster5-2": 0.0,
	"BBRcrossCluster5-3": 0.043365136,
	"BBRcrossCluster5-4": 0.31328866,
	"BBRcrossCluster5-6": 0.020052137,
	"BBRcrossCluster6-1": 0.0,
	"BBRcrossCluster6-2": 0.0,
	"BBRcrossCluster6-3": 0.21231423,
	"BBRcrossCluster5-4": 0.059503883,
	"BBRcrossCluster6-5": 0.0,
	"LP": 99903,
	"TR": 1.0,
	"VH": 1.0,
	"PH": 2.802108044803459,
	"OXCAST": 0.012188508821241157,
	"Spec": 95.62354651162791,
	"Frag": 4.623601377600616,
	"PC": 17328.707314287145,
	"TP": 1.7338322050151339E9,
	"EE": 1.4504003505795129,
	"EEE": 1.449019418341528,
	"BPSK": 100.0,
	"QPSK": 0.0,
	"8QAM": 0.0,
	"16QAM": 0.0,
	"32QAM": 0.0,
	"64QAM": 0.0,
	"MetCos":0.0,
	"MetPC":0.0,
	"LPGrooming": 0.0,
	"STP": 0.011014608570312868,
	"TSTP": 1100.3924399999664,
	"STmax": 0.0,
	"TSTmax": 0.0,
	"JFI_BR": 0.10555994,
	"JFI_BBR": 0.083600484,
	"Time(ms)": 0.07549
}

