{
	"Load": 210.0,
	"TDR": 2498972186,
	"TDT": 2496918105,
	"BR": 0.060999997,
	"BRInnerGroup0-0": 0.0,
	"BRInnerGroup1-1": 0.11936172,
	"BRInnerGroup2-2": 0.0,
	"BRInnerCluster1": 0.0,
	"BRInnerCluster2": 0.0,
	"BRInnerCluster3": 0,
	"BRInnerCluster4": 0.0,
	"BRInnerCluster5": 0.0,
	"BRInnerCluster6": 0,
	"BRCrossGroup0-1": 0.08900131,
	"BRCrossGroup0-2": 0.0,
	"BRCrossGroup1-0": 0.0,
	"BRCrossGroup1-2": 0.0,
	"BRCrossGroup2-0": 0.0,
	"BRCrossGroup2-1": 0.095404014,
	"BRCrossCluster1-2": 0.0,
	"BRCrossCluster1-3": 0.0,
	"BRCrossCluster1-4": 0.10405828,
	"BRCrossCluster1-5": 0.0,
	"BRCrossCluster1-6": 0.03883495,
	"BRCrossCluster2-1": 0.0,
	"BRCrossCluster2-3": 0.0,
	"BRCrossCluster2-4": 0.12694383,
	"BRCrossCluster2-5": 0.0,
	"BRCrossCluster2-6": 0.0,
	"BRCrossCluster3-1": 0.0,
	"BRCrossCluster3-2": 0.0,
	"BRCrossCluster3-4": 0.052687038,
	"BRCrossCluster3-5": 0.0,
	"BRCrossCluster3-6": 0.08319467,
	"BRCrossCluster4-1": 0.0,
	"BRCrossCluster4-2": 0.0,
	"BRCrossCluster4-3": 0.10509721,
	"BRCrossCluster4-5": 0.0,
	"BRCrossCluster4-6": 0.0,
	"BRCrossCluster5-1": 0.0,
	"BRCrossCluster5-2": 0.0,
	"BRCrossCluster5-3": 0.0,
	"BRCrossCluster5-4": 0.15704066,
	"BRCrossCluster5-6": 0.04012841,
	"BRCrossCluster6-1": 0.0,
	"BRCrossCluster6-2": 0.0,
	"BRCrossCluster6-3": 0.11406843,
	"BRCrossCluster6-4": 0.08146941,
	"BRCrossCluster6-5": 0.0,
	"BBR": 0.06370098,
	"BBRinnerGroup0-0": 0.0,
	"BBRinnerGroup1-1": 0.1097454,
	"BBRinnerGroup2-2": 0.0,
	"BBRinnerCluster1": 0.0,
	"BBRinnerCluster2": 0.0,
	"BBRinnerCluster3": 0,
	"BBRinnerCluster4": 0.14718673,
	"BBRinnerCluster5": 0.0,
	"BBRinnerCluster6": 0.047205437,
	"BBRcrossGroup0-1": 0.09592438,
	"BBRcrossGroup0-2": 0.0,
	"BBRcrossGroup1-0": 0.0,
	"BBRcrossGroup1-2": 0.0,
	"BBRcrossGroup2-0": 0.0,
	"BBRcrossGroup2-1": 0.10580913,
	"BBRcrossCluster1-2": 0.0,
	"BBRcrossCluster1-3": 0.0,
	"BBRcrossCluster1-4": 0.11272002,
	"BBRcrossCluster1-5": 0.0,
	"BBRcrossCluster1-6": 0.03893323,
	"BBRcrossCluster2-1": 0.0,
	"BBRcrossCluster2-3": 0.0,
	"BBRcrossCluster2-4": 0.13700074,
	"BBRcrossCluster2-5": 0.0,
	"BBRcrossCluster2-6": 0.0,
	"BBRcrossCluster3-1": 0.0,
	"BBRcrossCluster3-2": 0.0,
	"BBRcrossCluster3-4": 0.053518865,
	"BBRcrossCluster3-5": 0.0,
	"BBRcrossCluster3-6": 0.040567953,
	"BBRcrossCluster4-1": 0.0,
	"BBRcrossCluster4-2": 0.0,
	"BBRcrossCluster4-3": 0.052164838,
	"BBRcrossCluster4-5": 0.0,
	"BBRcrossCluster4-6": 0.0,
	"BBRcrossCluster5-1": 0.0,
	"BBRcrossCluster5-2": 0.0,
	"BBRcrossCluster5-3": 0.0,
	"BBRcrossCluster5-4": 0.18292683,
	"BBRcrossCluster5-6": 0.020132877,
	"BBRcrossCluster6-1": 0.0,
	"BBRcrossCluster6-2": 0.0,
	"BBRcrossCluster6-3": 0.15017834,
	"BBRcrossCluster5-4": 0.08882638,
	"BBRcrossCluster6-5": 0.0,
	"LP": 99939,
	"TR": 1.0,
	"VH": 1.0,
	"PH": 2.79114259698416,
	"OXCAST": 0.016165311496393806,
	"Spec": 95.63517441860465,
	"Frag": 5.374947226113625,
	"PC": 17336.757722226004,
	"TP": 1.733697447100555E9,
	"EE": 1.4402271337342392,
	"EEE": 1.4393096949151116,
	"BPSK": 100.0,
	"QPSK": 0.0,
	"8QAM": 0.0,
	"16QAM": 0.0,
	"32QAM": 0.0,
	"64QAM": 0.0,
	"MetCos":0.0,
	"MetPC":0.0,
	"LPGrooming": 0.0,
	"STP": 0.011197783247780767,
	"TSTP": 1119.095259999962,
	"STmax": 0.0,
	"TSTmax": 0.0,
	"JFI_BR": 0.07700819,
	"JFI_BBR": 0.05744235,
	"Time(ms)": 0.22975
}

