{
	"Load": 300.0,
	"TDR": 2517270854,
	"TDT": 2444589494,
	"BR": 2.885,
	"BRInnerGroup0-0": 0.0,
	"BRInnerGroup1-1": 4.6892514,
	"BRInnerGroup2-2": 0.0,
	"BRInnerCluster1": 0.0,
	"BRInnerCluster2": 0.0,
	"BRInnerCluster3": 0,
	"BRInnerCluster4": 0.0,
	"BRInnerCluster5": 0.0,
	"BRInnerCluster6": 0,
	"BRCrossGroup0-1": 4.884501,
	"BRCrossGroup0-2": 0.0,
	"BRCrossGroup1-0": 0.0,
	"BRCrossGroup1-2": 0.0,
	"BRCrossGroup2-0": 0.0,
	"BRCrossGroup2-1": 4.549221,
	"BRCrossCluster1-2": 0.0,
	"BRCrossCluster1-3": 3.425926,
	"BRCrossCluster1-4": 5.448029,
	"BRCrossCluster1-5": 0.0,
	"BRCrossCluster1-6": 1.8650794,
	"BRCrossCluster2-1": 0.0,
	"BRCrossCluster2-3": 4.7272725,
	"BRCrossCluster2-4": 4.9764276,
	"BRCrossCluster2-5": 0.0,
	"BRCrossCluster2-6": 1.9375151,
	"BRCrossCluster3-1": 0.0,
	"BRCrossCluster3-2": 0.0,
	"BRCrossCluster3-4": 4.628688,
	"BRCrossCluster3-5": 0.0,
	"BRCrossCluster3-6": 0.7287449,
	"BRCrossCluster4-1": 0.0,
	"BRCrossCluster4-2": 0.0,
	"BRCrossCluster4-3": 4.5805454,
	"BRCrossCluster4-5": 0.0,
	"BRCrossCluster4-6": 1.0709296,
	"BRCrossCluster5-1": 0.0,
	"BRCrossCluster5-2": 0.0,
	"BRCrossCluster5-3": 3.9929013,
	"BRCrossCluster5-4": 4.2229147,
	"BRCrossCluster5-6": 1.6492357,
	"BRCrossCluster6-1": 0.0,
	"BRCrossCluster6-2": 0.0,
	"BRCrossCluster6-3": 4.308472,
	"BRCrossCluster6-4": 5.098303,
	"BRCrossCluster6-5": 0.0,
	"BBR": 2.867838,
	"BBRinnerGroup0-0": 0.0,
	"BBRinnerGroup1-1": 4.5508833,
	"BBRinnerGroup2-2": 0.0,
	"BBRinnerCluster1": 0.0,
	"BBRinnerCluster2": 0.0,
	"BBRinnerCluster3": 0,
	"BBRinnerCluster4": 4.7935643,
	"BBRinnerCluster5": 0.0,
	"BBRinnerCluster6": 1.6183907,
	"BBRcrossGroup0-1": 4.8292165,
	"BBRcrossGroup0-2": 0.0,
	"BBRcrossGroup1-0": 0.0,
	"BBRcrossGroup1-2": 0.0,
	"BBRcrossGroup2-0": 0.0,
	"BBRcrossGroup2-1": 4.5997853,
	"BBRcrossCluster1-2": 0.0,
	"BBRcrossCluster1-3": 3.2497678,
	"BBRcrossCluster1-4": 5.3691278,
	"BBRcrossCluster1-5": 0.0,
	"BBRcrossCluster1-6": 1.645004,
	"BBRcrossCluster2-1": 0.0,
	"BBRcrossCluster2-3": 4.90923,
	"BBRcrossCluster2-4": 4.8666034,
	"BBRcrossCluster2-5": 0.0,
	"BBRcrossCluster2-6": 2.146235,
	"BBRcrossCluster3-1": 0.0,
	"BBRcrossCluster3-2": 0.0,
	"BBRcrossCluster3-4": 4.361211,
	"BBRcrossCluster3-5": 0.0,
	"BBRcrossCluster3-6": 0.4008016,
	"BBRcrossCluster4-1": 0.0,
	"BBRcrossCluster4-2": 0.0,
	"BBRcrossCluster4-3": 4.901704,
	"BBRcrossCluster4-5": 0.0,
	"BBRcrossCluster4-6": 1.0021752,
	"BBRcrossCluster5-1": 0.0,
	"BBRcrossCluster5-2": 0.0,
	"BBRcrossCluster5-3": 3.2523851,
	"BBRcrossCluster5-4": 4.194587,
	"BBRcrossCluster5-6": 1.5841188,
	"BBRcrossCluster6-1": 0.0,
	"BBRcrossCluster6-2": 0.0,
	"BBRcrossCluster6-3": 4.4939847,
	"BBRcrossCluster5-4": 5.1954327,
	"BBRcrossCluster6-5": 0.0,
	"LP": 97115,
	"TR": 1.0,
	"VH": 1.0,
	"PH": 2.797971477114761,
	"OXCAST": 0.011724998584105854,
	"Spec": 93.9375,
	"Frag": 7.891698476508966,
	"PC": 17365.48251397459,
	"TP": 1.6887544774527094E9,
	"EE": 1.447569511517968,
	"EEE": 1.4060555643526391,
	"BPSK": 100.0,
	"QPSK": 0.0,
	"8QAM": 0.0,
	"16QAM": 0.0,
	"32QAM": 0.0,
	"64QAM": 0.0,
	"MetCos":0.0,
	"MetPC":0.0,
	"LPGrooming": 0.0,
	"STP": 0.011213464449363844,
	"TSTP": 1088.9955999999697,
	"STmax": 0.0,
	"TSTmax": 0.0,
	"JFI_BR": 0.26698217,
	"JFI_BBR": 0.25788358,
	"Time(ms)": 0.15107
}

