{
	"Load": 270.0,
	"TDR": 2504070571,
	"TDT": 2478402305,
	"BR": 1.025,
	"BRInnerGroup0-0": 0.0,
	"BRInnerGroup1-1": 1.7005943,
	"BRInnerGroup2-2": 0.0,
	"BRInnerCluster1": 0.0,
	"BRInnerCluster2": 0.0,
	"BRInnerCluster3": 0,
	"BRInnerCluster4": 0.0,
	"BRInnerCluster5": 0.0,
	"BRInnerCluster6": 0,
	"BRCrossGroup0-1": 1.6660409,
	"BRCrossGroup0-2": 0.0,
	"BRCrossGroup1-0": 0.0,
	"BRCrossGroup1-2": 0.0,
	"BRCrossGroup2-0": 0.0,
	"BRCrossGroup2-1": 1.6785969,
	"BRCrossCluster1-2": 0.0,
	"BRCrossCluster1-3": 1.5165031,
	"BRCrossCluster1-4": 1.7430713,
	"BRCrossCluster1-5": 0.0,
	"BRCrossCluster1-6": 0.7159905,
	"BRCrossCluster2-1": 0.0,
	"BRCrossCluster2-3": 1.3896313,
	"BRCrossCluster2-4": 1.7279068,
	"BRCrossCluster2-5": 0.0,
	"BRCrossCluster2-6": 0.6787879,
	"BRCrossCluster3-1": 0.0,
	"BRCrossCluster3-2": 0.0,
	"BRCrossCluster3-4": 1.3619696,
	"BRCrossCluster3-5": 0.0,
	"BRCrossCluster3-6": 0.6833713,
	"BRCrossCluster4-1": 0.0,
	"BRCrossCluster4-2": 0.0,
	"BRCrossCluster4-3": 1.8094732,
	"BRCrossCluster4-5": 0.0,
	"BRCrossCluster4-6": 0.5030488,
	"BRCrossCluster5-1": 0.0,
	"BRCrossCluster5-2": 0.0,
	"BRCrossCluster5-3": 2.5385313,
	"BRCrossCluster5-4": 1.4687666,
	"BRCrossCluster5-6": 0.719137,
	"BRCrossCluster6-1": 0.0,
	"BRCrossCluster6-2": 0.0,
	"BRCrossCluster6-3": 2.0325203,
	"BRCrossCluster6-4": 1.6366117,
	"BRCrossCluster6-5": 0.0,
	"BBR": 0.9884892,
	"BBRinnerGroup0-0": 0.0,
	"BBRinnerGroup1-1": 1.6874883,
	"BBRinnerGroup2-2": 0.0,
	"BBRinnerCluster1": 0.0,
	"BBRinnerCluster2": 0.0,
	"BBRinnerCluster3": 0,
	"BBRinnerCluster4": 1.5335422,
	"BBRinnerCluster5": 0.0,
	"BBRinnerCluster6": 0.67730564,
	"BBRcrossGroup0-1": 1.6018145,
	"BBRcrossGroup0-2": 0.0,
	"BBRcrossGroup1-0": 0.0,
	"BBRcrossGroup1-2": 0.0,
	"BBRcrossGroup2-0": 0.0,
	"BBRcrossGroup2-1": 1.5840669,
	"BBRcrossCluster1-2": 0.0,
	"BBRcrossCluster1-3": 1.5116812,
	"BBRcrossCluster1-4": 1.7867882,
	"BBRcrossCluster1-5": 0.0,
	"BBRcrossCluster1-6": 0.5788423,
	"BBRcrossCluster2-1": 0.0,
	"BBRcrossCluster2-3": 1.3749338,
	"BBRcrossCluster2-4": 1.6428385,
	"BBRcrossCluster2-5": 0.0,
	"BBRcrossCluster2-6": 0.5790317,
	"BBRcrossCluster3-1": 0.0,
	"BBRcrossCluster3-2": 0.0,
	"BBRcrossCluster3-4": 1.5881147,
	"BBRcrossCluster3-5": 0.0,
	"BBRcrossCluster3-6": 0.8533747,
	"BBRcrossCluster4-1": 0.0,
	"BBRcrossCluster4-2": 0.0,
	"BBRcrossCluster4-3": 1.6397709,
	"BBRcrossCluster4-5": 0.0,
	"BBRcrossCluster4-6": 0.4851793,
	"BBRcrossCluster5-1": 0.0,
	"BBRcrossCluster5-2": 0.0,
	"BBRcrossCluster5-3": 2.1596243,
	"BBRcrossCluster5-4": 1.3445379,
	"BBRcrossCluster5-6": 0.70422536,
	"BBRcrossCluster6-1": 0.0,
	"BBRcrossCluster6-2": 0.0,
	"BBRcrossCluster6-3": 1.9944597,
	"BBRcrossCluster5-4": 1.6537702,
	"BBRcrossCluster6-5": 0.0,
	"LP": 98975,
	"TR": 1.0,
	"VH": 1.0,
	"PH": 2.785855013892397,
	"OXCAST": 0.018456332679347685,
	"Spec": 94.47674418604652,
	"Frag": 7.0622949632940815,
	"PC": 17310.131004527233,
	"TP": 1.7128069599807076E9,
	"EE": 1.4469828549902177,
	"EEE": 1.4326795855893262,
	"BPSK": 100.0,
	"QPSK": 0.0,
	"8QAM": 0.0,
	"16QAM": 0.0,
	"32QAM": 0.0,
	"64QAM": 0.0,
	"MetCos":0.0,
	"MetPC":0.0,
	"LPGrooming": 0.0,
	"STP": 0.011157687294771011,
	"TSTP": 1104.3320999999607,
	"STmax": 0.0,
	"TSTmax": 0.0,
	"JFI_BR": 0.23826732,
	"JFI_BBR": 0.2223886,
	"Time(ms)": 0.25079
}

